,,,,,,,,,,,,,,,,,
8560.1486,54037.544,2.0007762e+10,1602302.6,272.1268,-25.284202,68.560883,396.06361,517.23676,-5900.7063,-3285.3336,12.015382,-8.123509,-1.3133899,2.2780839e+09,155.07747,56437.564,582.09449
6770.3189,54037.544,2.0007762e+10,1602302.6,272.1268,-25.284202,68.560883,396.06361,517.23676,-7677.0913,-4392.3134,11.308753,-8.123509,-1.513021,2.2780839e+09,155.07747,56437.564,582.09449
5449.9496,54037.544,2.0007762e+10,1602302.6,272.1268,-25.284202,68.560883,396.06361,517.23676,-8792.181,-4392.3134,9.5096428,-8.123509,-1.513021,2.2780839e+09,155.07747,56437.564,582.09449
4560.0847,37177.416,1.2168061e+10,989086.49,203.43214,-25.977158,64.446789,368.41816,500.95693,-8792.181,-4640.8086,7.3590424,-8.399069,-1.7214529,1.3237947e+09,123.42375,44394.852,460.31154
4027.1041,31332.259,8.772768e+09,772690.62,137.65687,-27.607176,64.446789,299.84139,477.73754,-9419.8392,-4640.8086,6.7956829,-8.6770396,-2.1372336,9.9383449e+08,123.42375,36975.808,436.27206
3753.627,29600.575,7.3044803e+09,772690.62,117.98996,-27.607176,55.659025,276.12176,462.56251,-10513.171,-4640.8086,5.6955172,-8.6770396,-2.1372336,5.619213e+08,121.31387,28828.099,401.78679
3709.7544,24676.317,4.0819605e+09,582798.55,117.98996,-27.978937,55.659025,206.70649,459.30077,-10513.171,-4987.648,3.9970732,-8.6770396,-2.1372336,5.619213e+08,84.194219,20663.961,383.92259
3478.3226,24676.317,3.6296652e+09,582798.55,117.98996,-29.639382,55.659025,206.70649,426.09453,-10513.171,-5735.5554,3.7055298,-8.8850515,-2.1372336,3.6307487e+08,84.194219,20663.961,383.92259
3447.1253,15112.504,2.3200318e+09,467365.73,108.37436,-31.414642,55.659025,204.4516,426.09453,-11350.141,-5735.5554,3.7054529,-9.1050916,-2.1372336,2.3925829e+08,73.09682,20555.825,340.9374
3447.1253,12838.209,1.3366888e+09,316343.57,79.801399,-31.414642,55.659025,186.63639,426.09453,-11350.141,-5735.5554,3.6916869,-9.1779648,-2.1372336,1.8706358e+08,73.09682,14516.941,340.9374
3446.8658,9708.8595,1.3366888e+09,256658.25,71.589809,-31.422345,55.659025,173.43028,421.4231,-11350.141,-5735.5554,3.6391538,-9.1779648,-2.1372336,1.8679541e+08,60.575118,13464.898,308.52998
3442.6025,9708.8595,1.1527507e+09,256658.25,63.058801,-31.422345,55.659025,134.11936,398.33706,-11350.141,-5735.5554,3.6391538,-9.9142461,-2.1372336,1.2359885e+08,40.083287,11234.302,308.52998
3442.6025,6691.1635,7.5397269e+08,255430.81,53.685226,-31.422345,55.659025,127.09592,378.96226,-11350.141,-6332.5092,3.6069738,-10.428623,-2.1372336,1.2359885e+08,37.682242,10963.157,304.8531
3442.6025,6691.1635,4.5684505e+08,255430.81,39.120145,-31.422345,55.659025,121.87824,348.22575,-11350.141,-6332.5092,3.5923599,-10.428623,-2.1535921,1.1424768e+08,37.682242,9737.6313,304.8531
3442.6025,6691.1635,3.1993501e+08,166713.1,37.951336,-31.422345,55.659025,117.78964,336.97869,-11350.141,-6332.5092,3.5923599,-10.428623,-2.1535921,77249132,35.430998,8498.4077,282.7301
3442.6025,5771.0799,1.9305373e+08,166713.1,28.434133,-31.771534,55.659025,89.226043,334.59996,-11526.477,-6332.5092,3.5923599,-10.428623,-2.1535921,71550140,28.67028,6693.6388,269.1539
3442.6025,4497.2796,1.056158e+08,150660.83,26.871366,-31.771534,55.659025,83.363212,323.96448,-11659.352,-6332.5092,3.5923599,-10.428623,-2.5109123,62282405,26.39343,6184.0681,241.52555
3442.6025,4182.1418,83364246,142278.74,21.392355,-31.771534,55.659025,83.363212,318.03784,-12134.269,-6544.3003,3.5923599,-10.428623,-2.9208066,51673503,25.251822,5858.8979,241.52555
3442.6025,3627.6461,64882727,113379.09,18.52278,-31.89272,55.659025,63.070693,304.00444,-12297.957,-6544.3003,3.5923599,-10.771496,-2.9208066,36855677,23.919763,5055.3958,235.90039
3442.6025,2831.7916,45251138,94600.204,18.397355,-31.992605,55.659025,63.070693,286.32106,-12297.957,-7062.2364,3.5923599,-11.65748,-2.9208066,25388651,23.293916,3777.7777,235.90039
3442.6025,2255.0898,26444804,85792.261,15.487939,-32.155455,54.61503,62.564936,273.84739,-12449.727,-7062.2364,3.5923599,-11.65748,-2.9208066,18868105,22.242925,3003.398,229.801
3442.6025,1346.3173,21203886,65709.99,14.067127,-32.155455,53.237955,50.890028,265.82221,-12749.672,-7201.7051,3.5923599,-11.65748,-2.9208066,13012043,20.876768,2499.0801,229.801
3442.6025,1197.5763,18043312,42782.299,12.523475,-32.155455,53.237955,50.890028,258.70551,-13094.935,-7241.0326,3.5923599,-11.65748,-2.9208066,9954029.7,20.722729,2293.7962,229.801
3442.6025,945.33193,13878076,42782.299,10.649607,-32.155455,53.237955,44.37246,246.01844,-13132.124,-7241.0326,3.5923599,-11.977235,-2.9208066,8503740.9,19.624984,1725.6444,229.801
3442.6025,945.33193,8785936.9,39710.146,9.0792678,-32.155455,50.491933,32.629629,240.19749,-13132.124,-7518.6098,3.5923599,-11.977235,-2.9208066,6034172.4,18.938939,1426.2593,193.68815
3442.6025,681.00035,6478886.2,38900.429,8.8678516,-32.155455,48.715787,23.451657,227.38144,-13493.797,-7701.582,3.5923599,-11.977235,-2.9208066,4153442.1,18.938939,1286.214,193.68815
3442.6025,626.93402,5310068.7,23003.193,7.8653732,-32.155455,47.818608,20.87202,210.38679,-13869.421,-7822.3221,3.5923599,-11.977235,-2.9208066,3558151.8,18.269592,1219.2939,193.68815
3442.6025,626.93402,3540791.4,23003.193,7.5940019,-32.155455,47.818608,20.87202,195.21687,-13869.421,-7898.6799,3.5336033,-11.977235,-2.9208066,2731061,17.374139,1103.8539,193.68815
3442.6025,474.54713,2082986.4,7861.389,6.636772,-32.155455,47.818608,20.87202,195.21687,-14260.257,-8041.6335,3.5336033,-13.286927,-2.9208066,2446693.2,17.065296,969.08534,193.68815
3442.6025,461.54298,1544149,7861.389,5.5437731,-32.155455,45.75616,16.203101,187.58226,-15021.802,-8371.5102,3.5336033,-13.286927,-2.9208066,1811354.9,16.589339,873.34133,193.68815
3442.6025,415.66278,1199272.2,5643.2573,4.8066821,-32.155455,45.264431,14.755391,179.00151,-15021.802,-8645.18,3.5285515,-13.286927,-2.9208066,1211678,16.378452,735.29425,193.68815
3442.6025,362.14007,1023175.5,5643.2573,3.9437113,-32.319645,44.501087,7.6148243,176.36494,-15021.802,-8737.9374,3.5285515,-13.286927,-3.6051599,984633.51,15.776278,625.24312,193.68815
3442.6025,330.8877,851261.77,1460.7522,3.4003266,-32.319645,43.72475,5.6673187,176.36494,-15235.387,-8954.0953,3.5285515,-13.666004,-3.6051599,610767.61,15.144651,527.13812,193.68815
3442.6025,303.78942,778981.25,-5345.2534,2.9364606,-32.319645,42.106448,3.9817284,173.55882,-15434.001,-9153.9549,3.5285515,-13.666004,-3.6051599,516656.59,15.001066,396.65962,193.68815
3442.6025,252.77062,716393.9,-5345.2534,2.3973075,-32.319645,41.914648,-4.5725052,166.53127,-15434.001,-9363.4963,3.5285515,-14.180681,-3.6051599,396686.51,14.531599,342.39564,185.40122
3442.6025,236.87597,531848.05,-9268.9007,2.0886351,-32.319645,41.522718,-6.6349089,159.85014,-15434.001,-9513.3672,3.5285515,-14.653824,-3.879294,291913.23,14.092427,284.63133,185.40122
3442.6025,184.20946,442833.14,-14225.18,1.9360798,-32.319645,40.768612,-6.6349089,158.91771,-15518.159,-9611.5843,3.5285515,-14.653824,-3.879294,198098.1,13.931729,262.57687,185.40122
3442.6025,180.19578,384908.03,-16221.765,1.920019,-32.979861,40.41311,-9.567033,158.91771,-15646.942,-9766.8361,3.5285515,-15.09282,-3.879294,129956.11,13.784429,236.77968,185.40122
3442.6025,167.86273,308700.91,-16221.765,1.8533099,-32.979861,39.668108,-11.61801,157.91837,-15689.046,-9841.6187,3.5285515,-15.208631,-3.879294,109964.96,13.662235,200.32614,168.98176
3442.6025,148.63335,272014.57,-16513.457,1.8366473,-32.979861,38.772968,-13.241593,155.06357,-15756.828,-9968.1133,3.5265851,-15.711007,-3.879294,77886.659,13.662235,188.86694,168.98176
3442.6025,137.61739,250475.9,-22131.589,1.7886634,-32.979861,37.917979,-15.278619,149.40237,-15767.824,-10082.756,3.5242277,-15.711007,-3.879294,53885.453,13.54401,167.45633,168.98176
3442.6025,119.90558,245635.37,-22398.147,1.6990048,-32.979861,36.984562,-15.673263,149.26653,-15815.091,-10143.712,3.5238301,-15.769632,-3.879294,40966.645,13.409623,148.29374,168.98176
3442.6025,101.284,233696.83,-22398.147,1.5730346,-33.302828,36.347192,-16.922958,148.55412,-15871.029,-10192.955,3.5229566,-15.769632,-4.0023495,29856.447,13.284349,145.65344,168.98176
3442.6025,86.690966,219347.71,-22398.147,1.474687,-33.302828,35.78112,-18.463958,142.65592,-15890.877,-10263.196,3.5226882,-16.345147,-4.1226833,25218.614,13.200058,124.32602,168.98176
3442.6025,68.270533,198276.19,-23147.077,1.4295925,-33.302828,35.404648,-19.979838,142.65592,-15926.021,-10318.108,3.5226882,-16.673673,-4.1226833,23502.024,13.104032,112.61263,168.98176
3442.6025,52.868015,180293.96,-29751.069,1.3460012,-33.302828,35.404648,-21.189667,140.55337,-15975.755,-10334.746,3.5226882,-16.995741,-4.1226833,19713.46,13.027286,103.74273,168.98176
3442.6025,44.818014,172115.58,-29751.069,1.2714508,-33.302828,35.311691,-21.94818,140.55337,-16004.953,-10345.176,3.5226683,-17.550661,-4.1226833,13084.774,12.919902,87.114196,168.98176
3442.6025,37.352403,148410.07,-32091.781,1.235555,-33.302828,35.149755,-22.326869,140.27242,-16047.223,-10371.846,3.5226606,-17.570872,-4.1226833,11041.862,12.832032,73.085361,166.48579
3442.6025,32.615024,132758.94,-35428.615,1.179267,-33.302828,34.947405,-22.883373,137.02692,-16079.582,-10385.819,3.5226606,-17.570872,-4.1226833,9368.412,12.741429,63.368977,166.48579
3442.6025,21.439689,122793.23,-37124.561,1.1589235,-33.302828,34.890256,-23.510434,134.5712,-16106.445,-10398.568,3.5226606,-17.952309,-4.177345,6400.6056,12.663498,49.337621,166.48579
3442.6025,18.652618,114598.77,-38938.052,1.1363515,-33.302828,34.803549,-24.207831,132.23437,-16147.707,-10430.472,3.5226606,-18.240233,-4.177345,3919.038,12.621244,41.801603,166.48579
3442.6025,15.271128,104627.39,-40442.795,1.1128206,-33.302828,34.652476,-24.207863,131.34552,-16181.176,-10453.37,3.5226606,-18.439586,-4.177345,3114.9637,12.547872,34.028382,166.48579
3442.6025,13.275297,98477.869,-43703.513,1.096429,-33.302828,34.388845,-24.577416,130.79936,-16215.118,-10472.963,3.5226606,-19.015322,-4.177345,2356.0569,12.495895,30.225988,163.03444
3442.6025,10.254378,87666.324,-45058.165,1.0756423,-33.302828,34.305609,-24.967899,130.59492,-16241.492,-10510.486,3.5226606,-19.185078,-4.3061459,1596.075,12.448859,28.060888,163.03444
3442.6025,8.5772527,79015.09,-46889.395,1.0596461,-33.302828,34.162,-25.0836,129.00215,-16267.003,-10534.244,3.5226606,-19.423781,-4.3231214,1198.3152,12.403887,26.150668,152.52679
3442.6025,8.1380093,71007.312,-47666.39,1.0482056,-33.302828,34.07046,-25.369187,128.78289,-16287.946,-10558.885,3.5226441,-19.562213,-4.3231214,918.42729,12.365982,24.8818,145.26686
3442.6025,8.1380093,60711.476,-48425.14,1.0435896,-33.302828,34.007998,-25.501648,127.19289,-16311.641,-10591.572,3.5226441,-19.897165,-4.3231214,647.32827,12.342442,24.344475,139.51135
3442.6025,7.6130494,52996.525,-49382.499,1.0362013,-33.302828,33.939276,-25.695546,126.8448,-16327.229,-10627.06,3.5226441,-20.113841,-4.3231214,498.2404,12.327087,23.843269,120.91449
3442.6025,6.6473321,46912.812,-49520.959,1.0323369,-33.302828,33.896159,-25.775942,126.18396,-16350.473,-10652.415,3.5226441,-20.427222,-4.3567109,411.93247,12.31024,21.862165,120.91449
3442.6025,5.5011607,40547.703,-49644.412,1.0303797,-33.302828,33.867287,-25.872061,125.09079,-16368.482,-10676.016,3.5226441,-20.802451,-4.3567109,318.72505,12.304654,19.819059,116.27797
3442.6025,4.9290478,36395.23,-50443.346,1.0280312,-33.302828,33.818456,-25.977954,124.39974,-16398.022,-10694.076,3.5226441,-20.802451,-4.3567109,253.00416,12.297682,19.49043,116.27797
3442.6025,4.500982,30790.283,-51073.917,1.0248951,-33.302828,33.740557,-26.089381,124.0329,-16420.544,-10721.525,3.5226441,-20.917449,-4.3574827,234.85136,12.295187,18.751309,116.27797
3442.6025,3.6322874,26948.607,-51820.087,1.0242428,-33.302828,33.661759,-26.199795,123.6052,-16450.376,-10735.605,3.5226441,-21.011138,-4.3686982,198.65555,12.29096,17.681282,97.084694
3442.6025,3.0830128,23383.468,-52020.701,1.022105,-33.302828,33.618127,-26.242974,122.98294,-16472.053,-10748.149,3.5226441,-21.011138,-4.369472,176.89381,12.289034,17.19509,97.084694
3442.6025,2.5465058,19995.333,-52458.871,1.0202431,-33.302828,33.602413,-26.313963,122.34359,-16487.995,-10757.584,3.5226441,-21.011138,-4.3772278,137.2021,12.289034,17.099322,97.084694
3442.6025,2.2157659,17117.563,-52928.29,1.0178491,-33.302828,33.550505,-26.335981,121.90441,-16505.548,-10767,3.5226441,-21.041194,-4.3939369,127.3668,12.287241,15.879275,97.084694
3442.6025,1.9059646,14198.57,-53046.02,1.0160606,-33.302828,33.523837,-26.354084,121.24334,-16533.676,-10772.347,3.5226441,-21.089581,-4.4098447,106.53379,12.28496,15.623246,92.600722
3442.6025,1.6406879,12269.411,-53387.338,1.0142537,-33.357367,33.495617,-26.400425,120.85624,-16553.779,-10782.642,3.5226422,-21.134483,-4.418107,76.30603,12.283143,14.595857,87.16528
3442.6025,1.4038833,10033.895,-53580.492,1.0128246,-33.995142,33.468534,-26.439282,120.38083,-16564.996,-10789.571,3.5226422,-21.14215,-4.418107,52.101883,12.274198,14.150063,80.330699
3442.6025,1.3240306,8873.4218,-53680.262,1.0107917,-34.438102,33.457292,-26.472052,120.16357,-16583.862,-10796.916,3.5226422,-21.169666,-4.418107,41.685205,12.270556,13.731626,79.287388
3442.6025,1.1503962,8335.7908,-53999.29,1.0099793,-34.438102,33.428461,-26.499891,119.97337,-16602.684,-10801.262,3.4971444,-21.198357,-4.4246248,27.01013,12.260582,12.928269,79.287388
3442.6025,1.0700866,7702.9785,-54161.018,1.0088985,-34.438102,33.408274,-26.532996,119.90214,-16620.082,-10808.775,3.4971444,-21.218003,-4.9442191,22.477657,12.251525,12.433168,79.287388
3442.6025,1.0305806,7071.4936,-54436.451,1.0074061,-34.438102,33.390103,-26.553316,119.76764,-16634.234,-10817.407,3.4971444,-21.22039,-4.9442191,17.334432,12.244519,12.070227,79.287388
3442.6025,0.99005175,6716.8615,-54568.398,1.0072211,-34.438102,33.373871,-26.57157,119.60526,-16649.888,-10830.736,3.4971444,-21.230114,-4.9442191,13.021345,12.237089,11.778892,79.287388
3442.6025,0.9235921,6313.9526,-54705.774,1.0065526,-34.503408,33.348036,-26.59334,119.44254,-16671.687,-10839.417,3.4971444,-21.253648,-5.3200252,10.336247,12.227925,11.553312,78.152769
3442.6025,0.84071022,5956.7574,-54809.011,1.0057285,-34.618795,33.327543,-26.61277,119.2794,-16682.868,-10844.228,3.4971444,-21.27748,-5.3200252,8.1322858,12.218901,11.346303,74.804059
3442.6025,0.74532103,5497.8347,-54871.687,1.0051716,-34.712067,33.306309,-26.624848,119.16837,-16696.666,-10851.533,3.4521112,-21.286997,-5.3200252,7.3327915,12.211423,11.111906,74.804059
3442.6025,0.7003777,5106.4585,-54951.869,1.0045939,-34.712067,33.287863,-26.644797,119.09397,-16711.053,-10856.75,3.4521112,-21.313925,-5.3200252,5.9367176,12.202982,10.732983,74.804059
3442.6025,0.61347842,4751.8685,-55066.061,1.0038417,-34.712067,33.270027,-26.654711,119.03309,-16722.101,-10864.102,3.4521112,-21.580628,-5.388873,4.8724413,12.196602,10.530147,74.712879
3442.6025,0.56235286,4485.9746,-55160.74,1.0033354,-34.774319,33.246179,-26.662405,118.98517,-16731.669,-10869.911,3.4521112,-21.680963,-5.499836,4.0105084,12.189404,10.437995,71.890866
3442.6025,0.48834204,4140.8441,-55276.454,1.0027522,-34.948613,33.230464,-26.670356,118.97519,-16738.53,-10875.768,3.4521112,-21.680963,-5.499836,3.4953103,12.185994,10.321238,71.890866
3442.6025,0.40941551,3841.212,-55325.664,1.002376,-35.108793,33.220047,-26.67988,118.85554,-16746.39,-10881.135,3.4521112,-21.70267,-5.5910107,2.7952665,12.184494,10.22685,71.890866
3442.6025,0.37042963,3611.6039,-55358.559,1.0018564,-35.108793,33.211978,-26.68716,118.77363,-16753.616,-10886.342,3.4521112,-21.706429,-5.5910107,2.4373252,12.183392,10.131244,71.237189
3442.6025,0.3311567,3380.8416,-55394.157,1.0015789,-35.108793,33.19595,-26.695301,118.67814,-16759.416,-10897.455,3.4521112,-21.706429,-5.6924589,1.9531558,12.182822,9.9757914,70.1246
3442.6025,0.2982715,3208.6925,-55427.457,1.0012441,-35.12466,33.179019,-26.699407,118.60534,-16765.342,-10905.957,3.4521112,-21.717624,-5.6924589,1.547649,12.182141,9.8071632,68.495668
3442.6025,0.2624495,3038.0734,-55451.657,1.0010881,-35.12466,33.158524,-26.702403,118.54485,-16770.127,-10911.856,3.4433766,-21.719285,-5.7739305,1.3151246,12.181651,9.6829009,65.788703
3442.6025,0.21854736,2859.3676,-55481.256,1.0010073,-35.12466,33.150496,-26.70488,118.46161,-16773.308,-10915.991,3.4433766,-21.73273,-5.7739305,1.1427553,12.181122,9.5329319,64.460089
3442.6025,0.19244917,2721.3942,-55485.537,1.0008709,-35.12466,33.140357,-26.707765,118.40797,-16781.457,-10922.282,3.4433766,-21.73273,-5.7808901,0.94005434,12.179669,9.3881609,63.600328
3442.6025,0.17522344,2623.3579,-55504.643,1.0007921,-35.136709,33.12618,-26.709706,118.35153,-16781.457,-10928.518,3.4433766,-21.73273,-5.8020689,0.6965966,12.177574,9.3044858,61.58346
3442.6025,0.16424655,2508.2621,-55535.078,1.0007313,-35.14193,33.100369,-26.711415,118.26662,-16784.97,-10933.563,3.3529309,-21.73273,-5.8020689,0.57978626,12.175886,9.1874773,60.963678
3442.6025,0.14213176,2419.0039,-55552.309,1.0006184,-35.217824,33.081907,-26.713355,118.21435,-16788.355,-10936.799,3.3529309,-21.745779,-5.8020689,0.49775833,12.174442,9.0880326,59.934129
3442.6025,0.13609881,2302.5486,-55572.336,1.000525,-35.270861,33.065221,-26.7161,118.18425,-16791.379,-10942.014,3.3529309,-21.745779,-5.8020689,0.39291265,12.173348,9.0367925,59.934129
3442.6025,0.12522341,2209.3705,-55580.21,1.0004716,-35.3083,33.048376,-26.717843,118.15897,-16794.484,-10945.034,3.3529309,-21.745779,-5.8020689,0.3347045,12.171083,8.991237,58.410859
3442.6025,0.1182872,2139.0421,-55591.027,1.0004102,-35.335031,33.034142,-26.720703,118.11811,-16796.679,-10948.526,3.3529309,-21.747254,-5.8020689,0.28487379,12.1693,8.8940646,57.203511
3442.6025,0.11553759,2059.3109,-55598.499,1.0003563,-35.354347,33.024075,-26.723085,118.076,-16801.659,-10954.349,3.3529309,-21.750362,-5.8084063,0.23909931,12.1678,8.8739975,57.129302
3442.6025,0.10400167,1995.4476,-55601.749,1.000321,-35.368473,33.012556,-26.724876,118.03921,-16806.153,-10960.87,3.3529309,-21.750362,-5.8084063,0.20321843,12.165352,8.8438516,55.538709
3442.6025,0.098154094,1928.0762,-55610.639,1.0002841,-35.378925,32.999517,-26.726595,118.00385,-16809.596,-10966.29,3.3529309,-21.750362,-5.8097478,0.16894272,12.162603,8.7912336,53.473548
3442.6025,0.087774112,1872.6444,-55614.517,1.0002472,-35.463487,32.989529,-26.728047,117.98309,-16814.308,-10969.815,3.3529309,-21.753038,-5.8105949,0.14441707,12.160386,8.7244616,52.415085
3442.6025,0.079933019,1817.5997,-55617.274,1.0002201,-35.463487,32.972627,-26.729072,117.95642,-16817.899,-10974.673,3.3529309,-21.755554,-5.8162918,0.12403625,12.158218,8.668169,49.620785
3442.6025,0.074982343,1767.3987,-55622.656,1.0001987,-35.469077,32.961732,-26.730207,117.92921,-16821.059,-10977.617,3.3529309,-21.757664,-5.8199447,0.11110366,12.155753,8.6185761,47.985959
3442.6025,0.066853099,1724.4865,-55630.47,1.0001742,-35.496322,32.954964,-26.731263,117.90892,-16824.763,-10981.453,3.3529309,-21.772339,-5.8206269,0.099952312,12.153088,8.5868875,46.952881
3442.6025,0.05924508,1679.4443,-55632.088,1.0001565,-35.518436,32.949209,-26.732461,117.89285,-16827.764,-10985.673,3.3529309,-21.780781,-5.8314204,0.090456545,12.149777,8.5578108,44.247404
3442.6025,0.051636671,1644.8295,-55637.11,1.0001354,-35.606195,32.939402,-26.733172,117.87885,-16832.603,-10988.004,3.3514332,-21.781518,-5.8314204,0.08083713,12.147166,8.5172052,42.295978
3442.6025,0.046913427,1612.1862,-55640.7,1.0001195,-35.668785,32.930144,-26.733881,117.86229,-16836.417,-10992.6,3.3483407,-21.788262,-5.831968,0.071252099,12.144847,8.472732,40.510927
3442.6025,0.043441823,1577.9038,-55642.591,1.0001023,-35.713755,32.922235,-26.734464,117.84966,-16839.328,-10997.818,3.3483407,-21.794586,-5.8352789,0.065333388,12.141537,8.4441075,38.108964
3442.6025,0.039315495,1550.5785,-55645.171,1.0000926,-35.746365,32.915168,-26.735101,117.8313,-16842.658,-11001.121,3.3476181,-21.799797,-5.838062,0.05969032,12.138688,8.4170524,38.108964
3442.6025,0.036538883,1521.9291,-55648.537,1.0000812,-36.021451,32.904571,-26.735734,117.81556,-16845.915,-11005.682,3.3439948,-21.804615,-5.8400753,0.053559096,12.136441,8.3762006,38.108964
3442.6025,0.033340615,1498.9526,-55651.361,1.0000711,-36.498356,32.897815,-26.736019,117.80317,-16848.851,-11008.924,3.343813,-21.826464,-5.8425527,0.048574265,12.133271,8.3533121,38.108964
3442.6025,0.030725453,1477.6101,-55653.203,1.0000664,-36.498356,32.886854,-26.736106,117.79581,-16851.612,-11011.434,3.3422779,-21.881964,-5.8458541,0.042969301,12.129789,8.3367538,37.33276
3442.6025,0.028441659,1457.3493,-55653.784,1.0000581,-36.498356,32.881753,-26.736333,117.78626,-16855.163,-11016.741,3.3418014,-21.938973,-5.8472964,0.039429342,12.126645,8.2997776,37.255516
3442.6025,0.02610437,1434.5012,-55654.79,1.0000529,-36.498356,32.875564,-26.736333,117.77975,-16865.081,-11019.108,3.3418014,-21.979798,-5.8488996,0.035538311,12.124186,8.2800181,37.212706
3442.6025,0.024571765,1416.7022,-55655.948,1.0000485,-36.498356,32.86854,-26.736333,117.77446,-16870.933,-11023.245,3.3418014,-22.032522,-5.8517067,0.032989163,12.121252,8.2615166,36.197826
3442.6025,0.022638377,1400.6464,-55656.86,1.0000453,-36.586572,32.862779,-26.736363,117.76827,-16871.606,-11027.383,3.3418014,-22.064305,-5.8536045,0.03103717,12.118177,8.2322747,36.091875
3442.6025,0.02120811,1385.5129,-55657.626,1.0000422,-36.586572,32.859119,-26.736454,117.76137,-16875.693,-11030.565,3.3417718,-22.080268,-5.855568,0.028832094,12.114864,8.2123398,35.5691
3442.6025,0.019952682,1368.9751,-55658.422,1.0000378,-36.586572,32.854644,-26.736656,117.75661,-16906.233,-11033.591,3.3403254,-22.119445,-5.8579306,0.027215555,12.112189,8.184239,35.199135
3442.6025,0.01885867,1356.0119,-55659.479,1.0000349,-36.668786,32.845664,-26.736766,117.75121,-17229.841,-11036.189,3.3398313,-22.150923,-5.866502,0.025425044,12.108838,8.1623089,34.920967
3442.6025,0.017575757,1340.7026,-55660.412,1.0000328,-36.681487,32.840563,-26.736869,117.74507,-17229.841,-11039.046,3.3398313,-22.173226,-5.866502,0.023627284,12.106443,8.1426346,34.920967
3442.6025,0.016455184,1326.2304,-55661.558,1.0000299,-36.681487,32.832702,-26.737064,117.74267,-17229.841,-11040.933,3.3398313,-22.180992,-5.8693422,0.02160618,12.104403,8.1286672,34.616914
3442.6025,0.014949138,1314.9577,-55662.978,1.0000275,-36.749239,32.82451,-26.737201,117.73889,-17263.367,-11043.965,3.3397783,-22.190872,-5.8727308,0.020239979,12.101635,8.1140042,34.435969
3442.6025,0.013797451,1304.7838,-55663.635,1.0000255,-36.752964,32.817332,-26.737293,117.7359,-17288.814,-11046.034,3.3396729,-22.197372,-5.874891,0.019304878,12.09958,8.092833,34.195374
3442.6025,0.012968709,1292.6389,-55664.745,1.0000237,-36.788914,32.810808,-26.737411,117.7314,-17313.179,-11049.881,3.3396134,-22.201541,-5.8761258,0.018199225,12.098642,8.076372,34.192695
3442.6025,0.012364984,1283.2584,-55665.33,1.0000216,-36.791809,32.805474,-26.737494,117.72805,-17313.179,-11054.149,3.3395818,-22.2054,-5.8781177,0.01724956,12.098358,8.0575324,34.088778
3442.6025,0.011420942,1275.9235,-55665.897,1.0000197,-36.874506,32.799977,-26.737622,117.72574,-17337.287,-11056.585,3.3395666,-22.207982,-5.8802778,0.016593273,12.098161,8.0410197,33.931876
3442.6025,0.010577047,1268.0662,-55666.195,1.0000182,-36.882281,32.795502,-26.737705,117.72242,-17344.998,-11059.297,3.3395611,-22.211486,-5.8833666,0.015846432,12.09806,8.0300041,33.724877
3442.6025,0.0098495309,1258.3162,-55666.588,1.0000162,-37.02429,32.789522,-26.737775,117.72018,-17344.998,-11063.618,3.3395608,-22.213474,-5.8842596,0.015217189,12.09806,8.0208414,33.510389
3442.6025,0.0092445055,1250.7567,-55666.875,1.0000149,-37.219291,32.783992,-26.737848,117.71669,-17363.799,-11066.96,3.3395608,-22.216555,-5.8857305,0.014608245,12.098054,8.0103258,33.381602
3442.6025,0.008652544,1244.6729,-55667.115,1.0000138,-37.390905,32.777062,-26.737906,117.71405,-17364.464,-11069.626,3.3395608,-22.219429,-5.8874385,0.014174412,12.098041,8.0014866,33.348227
3442.6025,0.0080740373,1236.2251,-55667.397,1.0000126,-37.417154,32.770684,-26.737947,117.71183,-17368.433,-11072.742,3.3395608,-22.222368,-5.8893389,0.013633586,12.097984,7.9929826,33.213481
3442.6025,0.0075620716,1229.09,-55667.772,1.0000116,-37.526587,32.764814,-26.737989,117.70861,-17369.507,-11076.2,3.3395488,-22.2249,-5.8909602,0.013212541,12.097908,7.9836453,33.010588
3442.6025,0.0070666561,1223.5795,-55668.084,1.0000106,-37.58858,32.758381,-26.738025,117.70592,-17371.852,-11079.695,3.3395488,-22.228524,-5.8928241,0.012757736,12.097876,7.9738598,32.808873
3442.6025,0.0067023831,1218.6882,-55668.339,1.0000098,-37.608526,32.753454,-26.738047,117.70303,-17372.581,-11082.329,3.3395488,-22.231307,-5.8940552,0.012284982,12.097854,7.9685432,32.765481
3442.6025,0.0063237256,1214.2354,-55668.604,1.000009,-37.645785,32.749492,-26.738081,117.70085,-17374.176,-11085.281,3.3395487,-22.234677,-5.8961643,0.011935466,12.097841,7.9620932,32.673716
3442.6025,0.0058959029,1209.4864,-55668.814,1.0000082,-37.645785,32.745395,-26.738105,117.69784,-17374.353,-11089.034,3.3395486,-22.236744,-5.8971613,0.011626247,12.097825,7.9573388,32.485946
3442.6025,0.0055170001,1204.6917,-55669.055,1.0000075,-37.791411,32.739194,-26.738119,117.69565,-17375.755,-11091.876,3.3395486,-22.239239,-5.8974065,0.011266935,12.097815,7.9524065,32.366202
3442.6025,0.0052335007,1200.3393,-55669.315,1.0000067,-37.822641,32.728466,-26.738127,117.69334,-17379.403,-11094.716,3.3395486,-22.241203,-5.8982738,0.010929272,12.097806,7.9479106,32.322818
3442.6025,0.0050192597,1196.5068,-55669.495,1.000006,-37.822641,32.720822,-26.73814,117.69149,-17383.015,-11097.625,3.3395486,-22.242614,-5.8995523,0.010666963,12.097796,7.9417797,32.241834
3442.6025,0.0047655134,1192.8308,-55669.67,1.0000056,-37.8597,32.711483,-26.738152,117.68939,-17383.767,-11101.079,3.3395486,-22.245834,-5.90038,0.010353445,12.097789,7.9367751,32.168544
3442.6025,0.0045401492,1189.7413,-55669.921,1.0000051,-37.892602,32.70511,-26.738164,117.68793,-17386.86,-11103.734,3.3395459,-22.248225,-5.9014919,0.010075719,12.097774,7.9313358,32.046925
3442.6025,0.004332568,1185.2163,-55670.114,1.0000047,-37.904284,32.698309,-26.738177,117.68621,-17389.005,-11107.015,3.3395458,-22.254618,-5.9019152,0.0098554136,12.097773,7.9269177,31.997727
3442.6025,0.0041313637,1181.6981,-55670.234,1.0000042,-37.910049,32.682505,-26.738187,117.68449,-17389.817,-11109.353,3.3395458,-22.259108,-5.9025725,0.0096407587,12.097765,7.9220367,31.935395
3442.6025,0.0039455776,1178.976,-55670.388,1.0000039,-37.92529,32.670227,-26.738194,117.68291,-17391.421,-11112.002,3.3395458,-22.261515,-5.9029438,0.0093647989,12.097751,7.9179303,31.882907
3442.6025,0.0037846239,1176.7306,-55670.509,1.0000036,-37.940647,32.658995,-26.738203,117.68186,-17394.389,-11114.621,3.3395458,-22.266623,-5.9035681,0.0091307325,12.097735,7.9128209,31.855188
3442.6025,0.0036166225,1173.8183,-55670.597,1.0000034,-37.975572,32.6492,-26.738211,117.68052,-17396.854,-11116.498,3.3395458,-22.27198,-5.9039386,0.0089483599,12.097723,7.9093802,31.830387
3442.6025,0.0034683479,1171.1614,-55670.725,1.0000031,-37.975572,32.642143,-26.738221,117.67896,-17398.897,-11118.8,3.3395455,-22.278645,-5.9040887,0.0087737129,12.09771,7.906815,31.809111
3442.6025,0.0033371889,1168.9678,-55670.846,1.0000029,-37.991222,32.637504,-26.738228,117.67779,-17401.629,-11120.748,3.3395455,-22.284883,-5.9043317,0.0086176246,12.097698,7.9048817,31.787927
3442.6025,0.0032368685,1166.507,-55670.931,1.0000027,-37.995954,32.63349,-26.738235,117.6766,-17403.503,-11122.224,3.3395453,-22.289449,-5.904429,0.0084747675,12.097688,7.9027199,31.727435
3442.6025,0.0031344759,1164.2228,-55671.017,1.0000025,-38.004052,32.623132,-26.738243,117.67527,-17406.793,-11123.981,3.3395452,-22.293562,-5.9044954,0.0083244909,12.097675,7.9010325,31.68164
3442.6025,0.0030236484,1162.4186,-55671.111,1.0000024,-38.024613,32.617836,-26.738248,117.67414,-17410.303,-11125.315,3.339545,-22.298936,-5.9045742,0.008172364,12.097664,7.8992745,31.610089
3442.6025,0.0029362922,1160.5036,-55671.199,1.0000022,-38.038524,32.612956,-26.738255,117.67316,-17412.647,-11126.265,3.339545,-22.303363,-5.9045761,0.0080518171,12.097651,7.8974609,31.491424
3442.6025,0.0028528443,1158.4521,-55671.311,1.0000021,-38.045905,32.601281,-26.738261,117.67178,-17415.809,-11127.369,3.339545,-22.307093,-5.9046159,0.0079475451,12.097637,7.895201,31.381423
3442.6025,0.0027672677,1156.1594,-55671.413,1.000002,-38.064594,32.598083,-26.738265,117.67069,-17419.738,-11128.2,3.339545,-22.312595,-5.9047118,0.007817636,12.097622,7.8934946,31.249234
3442.6025,0.0026805568,1154.3485,-55671.488,1.0000019,-38.071705,32.591435,-26.738269,117.66975,-17422.451,-11128.955,3.339545,-22.317934,-5.9047723,0.0077136278,12.097607,7.892067,31.142986
3442.6025,0.0026152203,1152.9147,-55671.544,1.0000018,-38.072058,32.584317,-26.738274,117.66827,-17424.784,-11129.956,3.3395261,-22.324348,-5.9048223,0.007618775,12.097593,7.8898104,31.056132
3442.6025,0.0025564378,1150.6297,-55671.637,1.0000018,-38.076995,32.575163,-26.738277,117.66706,-17427.771,-11130.865,3.3395223,-22.329625,-5.904849,0.0075328682,12.097585,7.8886537,30.985347
3442.6025,0.0024968221,1148.6564,-55671.707,1.0000017,-38.080982,32.568463,-26.738281,117.66611,-17430.316,-11131.869,3.3395223,-22.336173,-5.9048637,0.007456968,12.09757,7.8865019,30.88595
3442.6025,0.0024514801,1147.0863,-55671.772,1.0000016,-38.086598,32.563501,-26.738285,117.66498,-17433.828,-11132.3,3.3395223,-22.34161,-5.904874,0.0073774127,12.097559,7.8854677,30.784541
3442.6025,0.0024023763,1145.8355,-55671.836,1.0000015,-38.093228,32.557883,-26.738288,117.66371,-17436.17,-11132.406,3.3395223,-22.348841,-5.9048953,0.0072942735,12.097549,7.8846195,30.678397
3442.6025,0.0023589747,1143.8969,-55671.907,1.0000015,-38.098068,32.550967,-26.738291,117.66251,-17439.937,-11132.913,3.3395218,-22.352953,-5.9048971,0.0072151127,12.097537,7.883234,30.588445
3442.6025,0.0023215001,1141.9175,-55671.966,1.0000014,-38.112305,32.544824,-26.738294,117.66156,-17442.848,-11133.277,3.3395218,-22.359164,-5.9049152,0.0071548804,12.097527,7.8821164,30.474615
3442.6025,0.0022865444,1140.3298,-55672.037,1.0000014,-38.125363,32.540125,-26.738297,117.66023,-17444.086,-11133.421,3.3395218,-22.367462,-5.9049312,0.0071051587,12.097518,7.8813087,30.348421
3442.6025,0.0022574826,1138.9738,-55672.094,1.0000013,-38.132637,32.535029,-26.738299,117.65917,-17446.059,-11133.818,3.3395218,-22.374163,-5.9049361,0.0070518992,12.097508,7.880678,30.23912
3442.6025,0.0022227423,1136.6299,-55672.16,1.0000013,-38.136425,32.528921,-26.738301,117.65804,-17447.259,-11134.187,3.3395218,-22.380569,-5.9049464,0.007005422,12.097499,7.8800719,30.151646
3442.6025,0.0021968043,1134.7051,-55672.224,1.0000012,-38.145952,32.524308,-26.738304,117.65693,-17448.029,-11134.698,3.3395217,-22.388749,-5.904954,0.0069594882,12.097491,7.8791338,29.995388
3442.6025,0.0021726885,1133.1748,-55672.274,1.0000012,-38.150245,32.519299,-26.738306,117.6555,-17448.561,-11135.589,3.3395217,-22.397157,-5.9049606,0.0069110018,12.097483,7.8782954,29.790074
3442.6025,0.0021490399,1131.9325,-55672.323,1.0000012,-38.157457,32.515507,-26.738308,117.65406,-17448.679,-11136.781,3.3395217,-22.40706,-5.9049614,0.0068650125,12.097477,7.8778873,29.616712
3442.6025,0.002131034,1129.6147,-55672.381,1.0000011,-38.163292,32.511394,-26.73831,117.65258,-17448.767,-11137.058,3.3395217,-22.42033,-5.9049614,0.0068289407,12.09747,7.8772952,29.483396
3442.6025,0.0021137236,1127.6309,-55672.436,1.0000011,-38.174765,32.507074,-26.738312,117.65139,-17448.923,-11138.014,3.3395217,-22.431484,-5.9049654,0.006798081,12.097463,7.8765779,29.346345
3442.6025,0.0020966662,1126.0538,-55672.49,1.0000011,-38.186835,32.502984,-26.738314,117.65018,-17449.012,-11138.875,3.3395216,-22.446089,-5.9049682,0.0067655019,12.097458,7.8760308,29.166352
3442.6025,0.0020771314,1124.5921,-55672.556,1.0000011,-38.194596,32.499405,-26.738316,117.64854,-17449.227,-11139.487,3.3395215,-22.45917,-5.9049738,0.0067313873,12.097453,7.8755094,28.992204
3442.6025,0.0020613059,1122.7027,-55672.615,1.000001,-38.201341,32.496067,-26.738318,117.64716,-17449.335,-11140.062,3.3395215,-22.47257,-5.9049779,0.0067044695,12.097448,7.875082,28.778206
3442.6025,0.0020479236,1120.8631,-55672.664,1.000001,-38.207184,32.492932,-26.738319,117.64591,-17449.449,-11140.729,3.3395215,-22.492925,-5.9049808,0.006681099,12.097443,7.8746079,28.604064
3442.6025,0.0020339342,1119.3441,-55672.716,1.000001,-38.210393,32.489633,-26.738321,117.64463,-17449.632,-11141.458,3.3395215,-22.511458,-5.9049839,0.006655145,12.097438,7.874274,28.387191
3442.6025,0.0020188211,1117.5615,-55672.759,1.000001,-38.212837,32.48606,-26.738322,117.64309,-17449.661,-11142.064,3.3395215,-22.528729,-5.9049873,0.0066306586,12.097433,7.873847,28.255756
3442.6025,0.0020069553,1115.5251,-55672.81,1.000001,-38.216011,32.482972,-26.738324,117.64115,-17449.808,-11142.779,3.3395215,-22.551363,-5.9049916,0.0066025486,12.097428,7.8734144,28.228257
3442.6025,0.0019966301,1113.907,-55672.857,1.0000009,-38.217906,32.478962,-26.738325,117.63958,-17449.906,-11143.477,3.3395215,-22.581989,-5.9049945,0.0065804112,12.097423,7.8727338,28.228257
3442.6025,0.0019854831,1112.4357,-55672.904,1.0000009,-38.219906,32.475996,-26.738327,117.63833,-17449.95,-11144.188,3.3395215,-22.616332,-5.9049975,0.0065629212,12.097418,7.8721268,28.228257
3442.6025,0.0019754984,1111.0067,-55672.945,1.0000009,-38.233659,32.473523,-26.738328,117.63676,-17450.03,-11144.749,3.3395215,-22.643407,-5.9049996,0.0065456891,12.097415,7.8717005,28.228257
3442.6025,0.0019653818,1108.8389,-55672.997,1.0000009,-38.250757,32.470172,-26.73833,117.635,-17450.111,-11145.848,3.3395215,-22.676325,-5.9050055,0.0065290193,12.097411,7.8711589,28.226955
3442.6025,0.0019567919,1107.1149,-55673.051,1.0000009,-38.264893,32.467364,-26.738331,117.63322,-17450.228,-11146.553,3.3395215,-22.723357,-5.9050125,0.0065116726,12.097408,7.8706741,28.226955
3442.6025,0.0019468975,1105.6161,-55673.092,1.0000009,-38.27356,32.465017,-26.738332,117.63178,-17450.329,-11146.89,3.3395215,-22.76043,-5.905019,0.0064955341,12.097404,7.8700547,28.226955
3442.6025,0.0019376376,1103.7052,-55673.123,1.0000009,-38.275845,32.462133,-26.738334,117.6305,-17450.4,-11147.521,3.3395215,-22.78694,-5.9050235,0.0064825752,12.097401,7.8694994,28.226955
3442.6025,0.0019303359,1102.0624,-55673.163,1.0000009,-38.279655,32.458173,-26.738335,117.62856,-17450.499,-11148.177,3.3395215,-22.827286,-5.9050278,0.0064650483,12.097397,7.8690035,28.211002
3442.6025,0.0019233834,1100.6226,-55673.201,1.0000008,-38.286812,32.454666,-26.738336,117.627,-17450.577,-11148.708,3.3395215,-22.866645,-5.9050348,0.006450258,12.097394,7.8684986,28.211002
3442.6025,0.0019159987,1098.7272,-55673.235,1.0000008,-38.297141,32.452995,-26.738338,117.62525,-17450.648,-11149.096,3.3395214,-22.903743,-5.9050395,0.0064386181,12.097391,7.8678669,28.204
3442.6025,0.0019085507,1096.4608,-55673.265,1.0000008,-38.302965,32.450383,-26.738339,117.62327,-17450.704,-11149.54,3.3395214,-22.934671,-5.9050448,0.0064294264,12.097388,7.8673576,28.203639
3442.6025,0.0019024288,1094.6626,-55673.296,1.0000008,-38.310355,32.440286,-26.73834,117.62148,-17450.771,-11150.066,3.3395214,-22.955824,-5.9050498,0.0064176707,12.097386,7.8668595,28.203639
3442.6025,0.0018964511,1093.2335,-55673.324,1.0000008,-38.315061,32.439043,-26.738342,117.61969,-17450.963,-11150.638,3.3395214,-22.979657,-5.9050551,0.0064052244,12.097383,7.8663745,28.195059
3442.6025,0.001889345,1091.7215,-55673.349,1.0000008,-38.316945,32.432639,-26.738343,117.61768,-17451.108,-11151.099,3.3395214,-23.007742,-5.9050627,0.0063954409,12.09738,7.8658085,28.187194
3442.6025,0.0018835225,1089.5731,-55673.369,1.0000008,-38.319176,32.428537,-26.738345,117.61561,-17451.354,-11151.416,3.3395214,-23.022529,-5.905072,0.0063877227,12.097378,7.865321,28.183737
3442.6025,0.0018769218,1087.6557,-55673.392,1.0000008,-38.321175,32.42528,-26.738347,117.61362,-17451.525,-11151.637,3.3395214,-23.029231,-5.9050752,0.0063793804,12.097375,7.8647365,28.176443
3442.6025,0.0018712904,1086.1191,-55673.407,1.0000008,-38.322139,32.421511,-26.738349,117.61191,-17451.652,-11151.937,3.3395214,-23.035968,-5.9050828,0.006371767,12.097373,7.8642693,28.170707
3442.6025,0.0018660497,1084.2511,-55673.419,1.0000008,-38.324693,32.420079,-26.73835,117.60971,-17451.745,-11152.155,3.3395214,-23.040005,-5.905095,0.00636414,12.09737,7.8638108,28.16585
3442.6025,0.0018603626,1082.2942,-55673.427,1.0000008,-38.326399,32.417826,-26.738352,117.60761,-17451.806,-11152.343,3.3395214,-23.040005,-5.905104,0.0063561133,12.097368,7.8632389,28.152538
3442.6025,0.0018543674,1080.122,-55673.434,1.0000008,-38.330169,32.415764,-26.738354,117.60536,-17451.897,-11152.798,3.3395214,-23.042104,-5.9051108,0.0063494795,12.097366,7.8626076,28.147992
3442.6025,0.0018497086,1078.3001,-55673.437,1.0000008,-38.332861,32.414316,-26.738355,117.60335,-17452.071,-11155.002,3.3395214,-23.042104,-5.9051176,0.0063437894,12.097364,7.8619405,28.13729
3442.6025,0.0018446483,1076.3798,-55673.442,1.0000008,-38.335254,32.412175,-26.738357,117.60142,-17452.448,-11155.862,3.3395214,-23.044603,-5.9051228,0.0063388179,12.097362,7.8614074,28.12875
3442.6025,0.0018396711,1074.8558,-55673.449,1.0000008,-38.338326,32.409513,-26.738359,117.59939,-17452.701,-11156.134,3.3395214,-23.048257,-5.9051308,0.0063332463,12.097359,7.8607182,28.116088
3442.6025,0.0018346804,1072.5338,-55673.453,1.0000007,-38.340526,32.40778,-26.738362,117.59716,-17452.849,-11156.134,3.3395214,-23.052778,-5.9051367,0.0063278881,12.097357,7.859998,28.109433
3442.6025,0.0018301831,1070.3727,-55673.455,1.0000007,-38.34258,32.406647,-26.738364,117.59513,-17452.919,-11156.411,3.3395214,-23.056525,-5.9051543,0.0063227389,12.097355,7.8594224,28.103846
3442.6025,0.0018258791,1068.5965,-55673.458,1.0000007,-38.344018,32.405621,-26.738365,117.5924,-17452.963,-11156.411,3.3395214,-23.060221,-5.9051705,0.0063185448,12.097353,7.8589278,28.099619
3442.6025,0.0018220193,1066.5637,-55673.461,1.0000007,-38.34631,32.403571,-26.738367,117.58957,-17452.975,-11156.628,3.3395214,-23.065092,-5.9051816,0.0063144524,12.09735,7.8581592,28.099619
3442.6025,0.0018176443,1064.7058,-55673.466,1.0000007,-38.348325,32.401729,-26.738369,117.5873,-17453.013,-11156.936,3.3395214,-23.067125,-5.9051891,0.0063098128,12.097348,7.8571917,28.098042
3442.6025,0.0018135262,1062.6777,-55673.47,1.0000007,-38.353765,32.400238,-26.738372,117.585,-17453.031,-11157.089,3.3395214,-23.070494,-5.9051983,0.0063055942,12.097346,7.8564188,28.092965
3442.6025,0.0018099777,1060.5682,-55673.474,1.0000007,-38.363121,32.398349,-26.738374,117.58242,-17453.052,-11157.45,3.3395214,-23.073702,-5.905206,0.00630224,12.097344,7.8558011,28.086287
3442.6025,0.0018060964,1058.337,-55673.477,1.0000007,-38.372753,32.395062,-26.738377,117.58019,-17453.09,-11157.73,3.3395214,-23.076002,-5.9052118,0.0062990057,12.097341,7.8548862,28.082482
3442.6025,0.0018032505,1056.3736,-55673.481,1.0000007,-38.378486,32.392956,-26.73838,117.57728,-17453.115,-11157.905,3.3395214,-23.077701,-5.905217,0.0062951859,12.097339,7.8540062,28.038538
3442.6025,0.0018008536,1054.1116,-55673.484,1.0000007,-38.381817,32.391607,-26.738382,117.57459,-17453.127,-11158.067,3.3395214,-23.079451,-5.9052193,0.0062921613,12.097337,7.8532556,28.038538
3442.6025,0.0017980197,1051.7439,-55673.487,1.0000007,-38.383682,32.390741,-26.738385,117.57162,-17453.152,-11158.312,3.3395214,-23.081139,-5.9052193,0.0062894969,12.097334,7.8524408,28.026445
3442.6025,0.001796023,1049.7189,-55673.491,1.0000007,-38.385875,32.389236,-26.738387,117.56862,-17453.172,-11158.565,3.3395214,-23.082792,-5.9052226,0.0062860664,12.097332,7.8514404,28.008812
3442.6025,0.0017942367,1048.1152,-55673.493,1.0000007,-38.388492,32.388725,-26.73839,117.56512,-17453.189,-11158.796,3.3395214,-23.084428,-5.905226,0.0062826457,12.09733,7.8505047,27.961252
3442.6025,0.0017924576,1045.4451,-55673.496,1.0000007,-38.391802,32.388015,-26.738392,117.56193,-17453.199,-11158.957,3.3395214,-23.085732,-5.905226,0.0062799535,12.097328,7.8497572,27.916674
3442.6025,0.0017911134,1042.6444,-55673.499,1.0000007,-38.39411,32.387259,-26.738395,117.55834,-17453.206,-11159.202,3.3395214,-23.087153,-5.9052275,0.0062776907,12.097325,7.848756,27.852196
3442.6025,0.0017902546,1040.4362,-55673.501,1.0000007,-38.396508,32.38635,-26.738397,117.55545,-17453.213,-11159.411,3.3395214,-23.088484,-5.9052282,0.0062750201,12.097323,7.8478172,27.804347
3442.6025,0.0017893218,1038.6902,-55673.503,1.0000007,-38.39942,32.377306,-26.7384,117.55166,-17453.219,-11159.583,3.3395213,-23.089505,-5.9052302,0.006272756,12.097321,7.8470673,27.7685
3442.6025,0.0017889101,1036.0561,-55673.505,1.0000007,-38.404721,32.372888,-26.738402,117.54787,-17453.225,-11159.768,3.3395213,-23.090368,-5.9052306,0.0062702717,12.097318,7.8460965,27.72801
3442.6025,0.001788617,1033.9092,-55673.508,1.0000007,-38.407156,32.36621,-26.738405,117.54483,-17453.227,-11159.906,3.3395213,-23.091774,-5.9052313,0.006267749,12.097316,7.8450624,27.608187
3442.6025,0.0017884225,1031.882,-55673.51,1.0000007,-38.409297,32.362845,-26.738407,117.54155,-17453.231,-11160.063,3.3395213,-23.092876,-5.9052321,0.006265743,12.097313,7.8442365,27.532466
3442.6025,0.0017883373,1029.9136,-55673.512,1.0000007,-38.413293,32.360964,-26.738409,117.5373,-17453.238,-11160.214,3.3395213,-23.093764,-5.9052325,0.0062635808,12.097311,7.843356,27.392884
3442.6025,0.001788178,1027.8942,-55673.513,1.0000007,-38.416818,32.359526,-26.738412,117.53308,-17453.244,-11160.342,3.3395212,-23.094505,-5.9052325,0.0062616379,12.097309,7.8423023,27.312262
3442.6025,0.0017880115,1025.3406,-55673.515,1.0000007,-38.420427,32.358028,-26.738414,117.52898,-17453.25,-11160.445,3.3395212,-23.095194,-5.9052328,0.0062596079,12.097306,7.8414491,27.219414
3442.6025,0.0017878943,1023.1623,-55673.517,1.0000007,-38.423387,32.356313,-26.738417,117.52564,-17453.256,-11160.552,3.3395212,-23.095946,-5.9052329,0.0062577936,12.097304,7.8404948,27.165929
3442.6025,0.0017877019,1021.2355,-55673.519,1.0000007,-38.426348,32.354824,-26.738419,117.52196,-17453.26,-11160.653,3.3395212,-23.096706,-5.905233,0.0062553851,12.097301,7.839531,27.101839
3442.6025,0.001787523,1018.1839,-55673.52,1.0000007,-38.432458,32.353495,-26.738421,117.51714,-17453.264,-11160.769,3.3395212,-23.097416,-5.905233,0.0062534658,12.097299,7.8386641,27.020352
3442.6025,0.001787335,1015.7892,-55673.522,1.0000007,-38.432458,32.352373,-26.738424,117.51177,-17453.27,-11160.936,3.3395212,-23.098012,-5.905233,0.0062519024,12.097296,7.8377502,26.929131
3442.6025,0.0017871751,1013.9028,-55673.523,1.0000007,-38.436221,32.351484,-26.738426,117.50746,-17453.274,-11161.227,3.3395211,-23.098681,-5.905233,0.0062501913,12.097293,7.8367607,26.806392
3442.6025,0.0017870218,1011.7589,-55673.525,1.0000007,-38.439092,32.347438,-26.738429,117.50368,-17453.287,-11161.349,3.3395211,-23.099234,-5.905233,0.0062482515,12.097291,7.8358394,26.710053
3442.6025,0.0017868433,1009.4749,-55673.526,1.0000007,-38.440429,32.347236,-26.738432,117.49948,-17453.33,-11161.437,3.3395211,-23.09985,-5.9052331,0.0062463264,12.097288,7.8346433,26.637049
3442.6025,0.0017866558,1006.61,-55673.528,1.0000007,-38.441193,32.345058,-26.738434,117.4942,-17514.298,-11161.697,3.3395211,-23.100391,-5.9052331,0.0062446902,12.097285,7.8336882,26.537672
3442.6025,0.0017864637,1004.3636,-55673.529,1.0000007,-38.441814,32.343374,-26.738436,117.48958,-17514.298,-11161.796,3.3395211,-23.10081,-5.9052332,0.006243035,12.097283,7.8328306,26.427672
3442.6025,0.0017863102,1002.5953,-55673.53,1.0000007,-38.444477,32.342405,-26.738439,117.48517,-17514.298,-11161.963,3.3395211,-23.101187,-5.9052332,0.0062413711,12.09728,7.831606,26.346353
3442.6025,0.0017861209,999.62648,-55673.532,1.0000007,-38.466249,32.341538,-26.738441,117.48013,-17538.386,-11162.076,3.3395211,-23.101594,-5.9052333,0.0062395701,12.097278,7.8305619,26.257318
3442.6025,0.0017859226,997.11597,-55673.533,1.0000007,-38.466933,32.340742,-26.738443,117.47528,-17541.903,-11162.158,3.3395211,-23.102292,-5.9052333,0.0062380662,12.097274,7.8295091,26.169768
3442.6025,0.0017857566,995.14608,-55673.534,1.0000007,-38.473102,32.339843,-26.738445,117.47013,-17543.781,-11162.265,3.3395211,-23.102966,-5.9052334,0.0062365755,12.097271,7.8285271,26.035013
3442.6025,0.001785626,992.91396,-55673.535,1.0000007,-38.480949,32.33901,-26.738447,117.46516,-17547.149,-11162.352,3.3395211,-23.103354,-5.9052335,0.0062351723,12.097268,7.8275569,25.892694
3442.6025,0.0017854759,990.2403,-55673.536,1.0000007,-38.485161,32.338136,-26.738449,117.45975,-17547.531,-11162.464,3.3395211,-23.1041,-5.9052335,0.0062336414,12.097265,7.8261985,25.774003
3442.6025,0.0017853256,987.76258,-55673.537,1.0000007,-38.486972,32.337098,-26.738451,117.45211,-17548.529,-11162.569,3.3395211,-23.104648,-5.9052335,0.006232252,12.097261,7.8249934,25.678826
3442.6025,0.0017851772,985.75479,-55673.538,1.0000007,-38.486972,32.336306,-26.738453,117.44368,-17550.674,-11162.65,3.3395211,-23.105169,-5.9052335,0.0062306384,12.097257,7.824031,25.591539
3442.6025,0.0017850354,983.20242,-55673.54,1.0000007,-38.486972,32.33553,-26.738455,117.4369,-17551.214,-11162.76,3.3395211,-23.105547,-5.9052336,0.0062291049,12.097252,7.8221915,25.476586
3442.6025,0.0017849079,981.0905,-55673.541,1.0000007,-38.488741,32.334756,-26.738456,117.43145,-17552.405,-11162.844,3.3395211,-23.105953,-5.9052336,0.006227415,12.097249,7.820592,25.353569
3442.6025,0.0017847416,978.70851,-55673.542,1.0000007,-38.490289,32.333937,-26.738458,117.42533,-17553.005,-11162.909,3.3395211,-23.106378,-5.9052336,0.006226033,12.097246,7.8193157,25.205446
3442.6025,0.0017846042,976.31988,-55673.543,1.0000007,-38.491529,32.333156,-26.73846,117.4186,-17553.385,-11162.967,3.3395211,-23.106668,-5.9052336,0.0062248641,12.097242,7.8182968,25.085494
3442.6025,0.0017844952,974.41298,-55673.544,1.0000007,-38.492341,32.332429,-26.738461,117.41037,-17553.401,-11163.051,3.3395211,-23.107013,-5.9052336,0.006223214,12.097238,7.8166283,24.971432
3442.6025,0.0017843964,972.473,-55673.545,1.0000007,-38.494009,32.33179,-26.738463,117.40254,-17553.638,-11163.115,3.3395211,-23.107579,-5.9052337,0.0062217103,12.097235,7.8151136,24.855036
3442.6025,0.001784259,970.38371,-55673.546,1.0000007,-38.495884,32.331086,-26.738464,117.39303,-17554.058,-11163.84,3.3395211,-23.109062,-5.9052337,0.0062200529,12.09723,7.8135606,24.681966
3442.6025,0.0017841501,968.36619,-55673.547,1.0000007,-38.497304,32.329906,-26.738465,117.3853,-17554.058,-11163.84,3.3395211,-23.109714,-5.9052337,0.0062186806,12.097226,7.8122996,24.526911
3442.6025,0.001784058,965.50322,-55673.549,1.0000007,-38.498778,32.32865,-26.738466,117.37783,-17554.058,-11163.899,3.3395211,-23.110076,-5.9052337,0.0062172848,12.097222,7.8105242,24.385147
3442.6025,0.0017839475,963.2819,-55673.55,1.0000007,-38.5004,32.327398,-26.738467,117.3687,-17554.114,-11164.301,3.3395211,-23.110443,-5.9052337,0.006215869,12.097218,7.808977,24.245321
3442.6025,0.0017838331,961.46054,-55673.551,1.0000007,-38.502461,32.326431,-26.738468,117.35936,-17554.251,-11164.396,3.3395211,-23.110817,-5.9052337,0.0062142037,12.097214,7.8074163,24.067729
3442.6025,0.0017837284,960.03574,-55673.552,1.0000007,-38.503937,32.32568,-26.738469,117.34962,-17554.251,-11164.5,3.3395211,-23.111038,-5.9052337,0.0062128331,12.09721,7.8055178,23.933649
3442.6025,0.0017836095,957.94585,-55673.553,1.0000007,-38.505008,32.324985,-26.73847,117.34063,-17554.305,-11164.651,3.3395211,-23.111243,-5.9052337,0.0062111542,12.097207,7.8039356,23.81745
3442.6025,0.0017834929,955.47999,-55673.554,1.0000007,-38.506084,32.322435,-26.73847,117.33195,-17554.343,-11164.76,3.3395211,-23.111492,-5.9052338,0.0062094395,12.097202,7.8021978,23.671832
3442.6025,0.001783398,953.42885,-55673.555,1.0000007,-38.507323,32.321386,-26.738471,117.3229,-17554.389,-11164.898,3.3395211,-23.111816,-5.9052338,0.0062080238,12.097197,7.8008117,23.517883
3442.6025,0.0017832926,951.83487,-55673.556,1.0000007,-38.508572,32.321211,-26.738471,117.3127,-17554.392,-11164.994,3.3395211,-23.112067,-5.9052338,0.0062061261,12.097193,7.7993886,23.344357
3442.6025,0.0017831502,950.11406,-55673.558,1.0000007,-38.509529,32.319851,-26.738471,117.3038,-17554.416,-11165.055,3.3395211,-23.112267,-5.9052338,0.0062043164,12.097189,7.7978439,23.205208
3442.6025,0.001783035,948.42017,-55673.559,1.0000007,-38.510932,32.31867,-26.738471,117.2928,-17554.431,-11165.116,3.3395211,-23.112475,-5.9052338,0.0062028696,12.097185,7.7958435,23.093685
3442.6025,0.001782943,946.44746,-55673.56,1.0000007,-38.512077,32.317783,-26.738471,117.28388,-17554.456,-11165.163,3.3395211,-23.112668,-5.9052338,0.0062010812,12.097181,7.7937593,22.955004
3442.6025,0.0017828374,944.75478,-55673.561,1.0000007,-38.512939,32.316883,-26.738471,117.27366,-17554.466,-11165.205,3.3395211,-23.11283,-5.9052338,0.0061992201,12.097176,7.7929025,22.770913
3442.6025,0.001782716,943.10446,-55673.562,1.0000007,-38.513599,32.31618,-26.738471,117.26337,-17554.484,-11165.24,3.3395211,-23.112993,-5.9052338,0.0061971451,12.097172,7.7925096,22.591372
3442.6025,0.0017825884,941.39162,-55673.565,1.0000007,-38.514476,32.315307,-26.738471,117.25264,-17554.496,-11165.261,3.3395211,-23.115075,-5.9052338,0.0061950177,12.097168,7.7925068,22.539401
3442.6025,0.0017824864,939.96864,-55673.567,1.0000007,-38.515105,32.314645,-26.738471,117.24202,-17554.516,-11165.292,3.339521,-23.115075,-5.9052338,0.0061932948,12.097163,7.7925068,22.53066
3442.6025,0.0017823674,938.64594,-55673.569,1.0000007,-38.515855,32.313928,-26.738471,117.23183,-17554.527,-11165.315,3.339521,-23.115694,-5.9052338,0.0061915084,12.097158,7.7925068,22.53066
3442.6025,0.0017821851,936.94875,-55673.571,1.0000007,-38.516241,32.312427,-26.738471,117.22138,-17554.551,-11165.383,3.339521,-23.116681,-5.9052338,0.0061894279,12.097154,7.7925068,22.53066
3442.6025,0.0017820394,935.2894,-55673.573,1.0000007,-38.516433,32.310261,-26.738471,117.20939,-17554.561,-11165.403,3.339521,-23.117371,-5.9052339,0.0061870984,12.097148,7.7925062,22.524012
3442.6025,0.0017819229,933.79157,-55673.574,1.0000007,-38.516665,32.308645,-26.738471,117.19978,-17554.581,-11165.453,3.339521,-23.117911,-5.9052339,0.0061852363,12.097143,7.7925062,22.524012
3442.6025,0.0017818271,932.58276,-55673.575,1.0000007,-38.516858,32.307425,-26.738471,117.19091,-17554.593,-11165.502,3.339521,-23.118489,-5.9052339,0.006183234,12.097139,7.7925062,22.524012
3442.6025,0.0017816626,931.1815,-55673.576,1.0000007,-38.517192,32.306496,-26.738471,117.17894,-17554.6,-11165.538,3.339521,-23.119078,-5.9052339,0.0061808151,12.097134,7.7925062,22.524012
3442.6025,0.0017815311,929.72368,-55673.578,1.0000007,-38.517606,32.305784,-26.738471,117.16872,-17554.617,-11165.565,3.339521,-23.119754,-5.9052339,0.006178197,12.097129,7.7925062,22.522468
3442.6025,0.0017813878,928.28595,-55673.58,1.0000007,-38.518031,32.303302,-26.738471,117.15709,-17554.63,-11165.612,3.339521,-23.120478,-5.9052339,0.0061757274,12.097123,7.7925062,22.522468
3442.6025,0.0017812602,927.17947,-55673.581,1.0000007,-38.518329,32.301716,-26.738471,117.14778,-17554.643,-11165.649,3.3395209,-23.121268,-5.9052339,0.0061737534,12.097116,7.7925062,22.52133
3442.6025,0.0017810988,925.86053,-55673.583,1.0000007,-38.518775,32.299404,-26.738471,117.13817,-17554.659,-11165.697,3.3395209,-23.122144,-5.9052339,0.0061713391,12.09711,7.7925062,22.52133
3442.6025,0.0017809285,924.60777,-55673.584,1.0000007,-38.5196,32.296638,-26.738471,117.12631,-17554.673,-11165.741,3.3395209,-23.122914,-5.9052339,0.0061683295,12.097106,7.7925062,22.519304
3442.6025,0.0017807324,923.33537,-55673.586,1.0000007,-38.520169,32.294783,-26.738471,117.11682,-17554.683,-11165.776,3.3395209,-23.123809,-5.9052339,0.0061659243,12.097099,7.7925062,22.519304
3442.6025,0.0017805757,921.99715,-55673.587,1.0000007,-38.520593,32.293526,-26.738471,117.10686,-17554.693,-11165.81,3.3395209,-23.124517,-5.9052339,0.0061640018,12.097093,7.7925062,22.506051
3442.6025,0.0017804305,920.97554,-55673.589,1.0000007,-38.521747,32.292665,-26.738471,117.09546,-17554.706,-11165.843,3.3395209,-23.125165,-5.9052339,0.0061618983,12.097086,7.7925062,22.506051
3442.6025,0.0017801881,920.00308,-55673.591,1.0000007,-38.522342,32.291705,-26.738471,117.08611,-17554.719,-11165.877,3.3395209,-23.125902,-5.9052339,0.0061592407,12.097081,7.7925062,22.505633
3442.6025,0.0017799943,918.80226,-55673.592,1.0000007,-38.522604,32.290167,-26.738471,117.07486,-17554.731,-11165.922,3.3395209,-23.12652,-5.9433561,0.0061563466,12.097075,7.7925062,22.497864
3442.6025,0.0017798394,917.67396,-55673.594,1.0000007,-38.522811,32.288803,-26.738471,117.06459,-17554.74,-11165.962,3.3395209,-23.127276,-5.9433561,0.0061535957,12.097068,7.7925062,22.495139
3442.6025,0.0017796293,916.79785,-55673.596,1.0000007,-38.523076,32.28781,-26.738471,117.05366,-17554.746,-11165.997,3.3395209,-23.127979,-5.9433561,0.0061501495,12.09706,7.7925062,22.495139
3442.6025,0.001779436,915.88281,-55673.598,1.0000007,-38.531735,32.286543,-26.738471,117.04161,-17554.754,-11166.032,3.3395209,-23.129465,-5.9433561,0.0061470596,12.097054,7.7925062,22.490147
3442.6025,0.0017792468,915.01074,-55673.599,1.0000007,-38.531735,32.285422,-26.738471,117.03105,-17554.764,-11166.062,3.3134682,-23.130396,-5.952293,0.0061445021,12.097048,7.7925062,22.490147
3442.6025,0.0017790268,914.1399,-55673.601,1.0000007,-38.535975,32.284607,-26.738471,117.02203,-17554.771,-11166.094,3.276114,-23.131249,-5.952293,0.0061402849,12.097041,7.7925062,22.490147
3442.6025,0.0017788324,913.32331,-55673.603,1.0000007,-38.539263,32.283822,-26.738471,117.01125,-17554.775,-11166.123,3.276114,-23.132579,-5.952293,0.0061369162,12.097034,7.7925062,22.489772
3442.6025,0.0017786095,912.53461,-55673.605,1.0000007,-38.54149,32.283054,-26.738471,117.00061,-17554.781,-11166.153,3.276114,-23.133683,-5.952293,0.0061342243,12.097028,7.7925062,22.489772
3442.6025,0.0017783936,911.63796,-55673.607,1.0000007,-38.542486,32.282514,-26.738471,116.98927,-17554.786,-11166.177,3.276114,-23.134673,-5.952293,0.0061313383,12.097022,7.7925061,22.487818
3442.6025,0.0017781945,910.96787,-55673.608,1.0000007,-38.543626,32.281871,-26.738471,116.97987,-17554.792,-11166.199,3.276114,-23.135643,-5.952293,0.0061272001,12.097015,7.7925061,22.474053
3442.6025,0.0017779649,910.43468,-55673.61,1.0000007,-38.551754,32.281304,-26.738471,116.97064,-17554.796,-11166.225,3.2685361,-23.136922,-5.9630826,0.0061236874,12.097007,7.7925061,22.458926
3442.6025,0.0017776308,909.62493,-55673.612,1.0000007,-38.551754,32.280553,-26.738471,116.95857,-17554.807,-11166.249,3.2685361,-23.138245,-5.9703079,0.0061202118,12.097,7.7925061,22.437105
3442.6025,0.0017773638,908.99265,-55673.614,1.0000007,-38.556171,32.279883,-26.738471,116.94697,-17554.811,-11166.274,3.2685361,-23.139294,-5.9703079,0.006114964,12.096995,7.792506,22.412037
3442.6025,0.0017771505,908.52336,-55673.616,1.0000007,-38.560668,32.279145,-26.738471,116.93591,-17554.82,-11166.295,3.2685361,-23.140389,-5.9703079,0.0061105631,12.096986,7.792506,22.395392
3442.6025,0.0017769284,907.9507,-55673.618,1.0000007,-38.563984,32.278686,-26.738471,116.92712,-17554.828,-11166.313,3.2685361,-23.141508,-5.9703079,0.0061070478,12.096979,7.792506,22.395392
3442.6025,0.0017766534,907.31412,-55673.62,1.0000007,-38.566307,32.278075,-26.738471,116.91626,-17554.835,-11166.334,3.2661987,-23.142958,-5.9703079,0.0061034542,12.096974,7.792506,22.385343
3442.6025,0.0017763118,906.77342,-55673.626,1.0000007,-38.569174,32.277159,-26.738471,116.90518,-17554.843,-11166.353,3.2641244,-23.144142,-5.9703079,0.0060996512,12.096966,7.792506,22.385343
3442.6025,0.0017760389,906.39508,-55673.632,1.0000007,-38.571432,32.274583,-26.738471,116.89394,-17554.848,-11166.369,3.2641244,-23.145147,-5.9703079,0.0060946865,12.096956,7.792506,22.384422
3442.6025,0.0017758209,906.04275,-55673.637,1.0000007,-38.574749,32.269325,-26.738471,116.8828,-17554.854,-11166.386,3.2641244,-23.146824,-5.9703079,0.0060907218,12.096948,7.792506,22.381029
3442.6025,0.0017755547,905.70632,-55673.64,1.0000007,-38.581036,32.268251,-26.738471,116.86927,-17554.859,-11166.403,3.2641244,-23.148251,-5.9703079,0.0060874821,12.096942,7.792506,22.377274
3442.6025,0.0017752538,905.48647,-55673.643,1.0000007,-38.585148,32.264313,-26.738471,116.85859,-17554.864,-11166.423,3.2641244,-23.149534,-5.9744204,0.0060825964,12.096934,7.792506,22.37525
3442.6025,0.0017749785,905.25792,-55673.646,1.0000007,-38.586642,32.260462,-26.738471,116.8486,-17554.868,-11166.44,3.2641244,-23.150544,-5.9744204,0.0060782027,12.096925,7.792506,22.374009
3442.6025,0.001774712,905.12034,-55673.648,1.0000006,-38.590477,32.257846,-26.738471,116.83487,-17554.871,-11166.453,3.264063,-23.151718,-5.9744204,0.0060740867,12.096917,7.792506,22.369846
3442.6025,0.001774388,905.06701,-55673.652,1.0000006,-38.593919,32.256052,-26.738471,116.82406,-17554.873,-11166.989,3.264063,-23.153199,-5.9744204,0.0060704686,12.096907,7.792506,22.367709
3442.6025,0.0017740931,905.06301,-55673.654,1.0000006,-38.596468,32.254807,-26.738471,116.81292,-17554.876,-11166.989,3.264063,-23.154554,-5.9744204,0.0060643128,12.096899,7.792506,22.363398
3442.6025,0.0017737674,905.06301,-55673.657,1.0000006,-38.599955,32.25284,-26.738471,116.80042,-17554.878,-11167.259,3.264063,-23.155904,-5.9806663,0.006059255,12.096891,7.792506,22.361328
3442.6025,0.0017734524,905.06301,-55673.659,1.0000006,-38.60283,32.250383,-26.738471,116.78884,-17554.879,-11167.407,3.264063,-23.15731,-5.9806663,0.0060552161,12.096883,7.792506,22.359691
3442.6025,0.0017730828,905.06301,-55673.661,1.0000006,-38.604975,32.248158,-26.738471,116.7778,-17554.881,-11167.531,3.264063,-23.158853,-5.9836723,0.0060511596,12.096874,7.792506,22.35663
3442.6025,0.0017727583,905.06301,-55673.663,1.0000006,-38.607624,32.245586,-26.738471,116.76721,-17554.882,-11167.578,3.264063,-23.160161,-5.9873071,0.0060472961,12.096865,7.792506,22.354839
3442.6025,0.0017724048,905.06301,-55673.665,1.0000006,-38.609872,32.243616,-26.738471,116.75615,-17554.883,-11167.605,3.264063,-23.161364,-5.988393,0.0060412507,12.096856,7.792506,22.351239
3442.6025,0.0017721225,905.06301,-55673.667,1.0000006,-38.612487,32.242152,-26.738471,116.74449,-17554.884,-11167.684,3.264063,-23.163019,-5.9923975,0.0060359975,12.096849,7.792506,22.349529
3442.6025,0.0017717846,905.06301,-55673.669,1.0000006,-38.614778,32.240388,-26.738471,116.73406,-17554.884,-11167.85,3.264063,-23.164394,-5.9923975,0.0060318031,12.09684,7.792506,22.346365
3442.6025,0.0017713641,905.06301,-55673.67,1.0000006,-38.616486,32.238821,-26.738471,116.72251,-17554.885,-11167.956,3.2640484,-23.165503,-5.994235,0.006026497,12.096831,7.792506,22.343667
3442.6025,0.0017709656,905.06301,-55673.672,1.0000006,-38.618794,32.237623,-26.738471,116.70945,-17554.886,-11168.147,3.2640484,-23.167032,-5.9949849,0.0060210534,12.096822,7.792506,22.342001
3442.6025,0.0017706209,905.06301,-55673.673,1.0000006,-38.620573,32.236183,-26.738471,116.6975,-17554.886,-11168.276,3.2640484,-23.169302,-5.9976606,0.0060143857,12.096813,7.792506,22.338533
3442.6025,0.0017702114,905.06301,-55673.675,1.0000006,-38.625834,32.23479,-26.738471,116.6883,-17554.887,-11168.427,3.2640484,-23.171053,-5.9976606,0.0060090648,12.096805,7.792506,22.337262
3442.6025,0.0017698844,905.06301,-55673.676,1.0000006,-38.628797,32.233776,-26.738471,116.67989,-17554.888,-11168.59,3.2640484,-23.171894,-5.997988,0.0060048166,12.096798,7.792506,22.335387
3442.6025,0.0017694862,905.06301,-55673.678,1.0000006,-38.630938,32.232725,-26.738471,116.66664,-17554.888,-11168.743,3.2639602,-23.173525,-5.9985144,0.0059992552,12.09679,7.792506,22.333164
3442.6025,0.0017690683,905.06301,-55673.679,1.0000006,-38.632042,32.232121,-26.738471,116.65387,-17554.889,-11168.869,3.2637408,-23.175545,-6.0066021,0.005993605,12.09678,7.7925059,22.321165
3442.6025,0.0017686575,905.06301,-55673.68,1.0000006,-38.633822,32.23168,-26.738471,116.64368,-17554.889,-11169.041,3.2635761,-23.177245,-6.0146494,0.0059876282,12.096771,7.7925059,22.313197
3442.6025,0.0017683174,905.06301,-55673.681,1.0000006,-38.635455,32.230981,-26.738471,116.63604,-17554.89,-11169.166,3.2634513,-23.178857,-6.0168405,0.0059815408,12.096763,7.7925059,22.311704
3442.6025,0.0017678887,905.06301,-55673.682,1.0000006,-38.636638,32.230375,-26.738471,116.62571,-17554.89,-11169.409,3.2600442,-23.180129,-6.0168405,0.0059758079,12.096754,7.7925059,22.310847
3442.6025,0.0017673912,905.06301,-55673.683,1.0000006,-38.637655,32.22993,-26.738471,116.61634,-17554.891,-11169.558,3.2600442,-23.181884,-6.0212506,0.0059703939,12.096747,7.7925059,22.308425
3442.6025,0.0017669862,905.06301,-55673.684,1.0000006,-38.638421,32.2296,-26.738471,116.60961,-17554.891,-11169.685,3.2600442,-23.184041,-6.0249,0.0059647859,12.096738,7.7925059,22.308425
3442.6025,0.0017666628,905.06301,-55673.685,1.0000006,-38.640205,32.229202,-26.738471,116.60276,-17554.892,-11169.806,3.2600442,-23.185826,-6.0283939,0.0059588575,12.096727,7.7925059,22.308425
3442.6025,0.0017662372,905.06301,-55673.686,1.0000006,-38.642123,32.228776,-26.738471,116.59639,-17554.892,-11169.927,3.2600442,-23.187241,-6.0309346,0.0059517469,12.096718,7.7925059,22.307418
3442.6025,0.0017657018,905.06301,-55673.687,1.0000006,-38.64354,32.22707,-26.738471,116.59186,-17554.893,-11170.048,3.2600442,-23.189002,-6.032566,0.0059460739,12.096711,7.7925059,22.306919
3442.6025,0.0017652179,905.06301,-55673.687,1.0000006,-38.644599,32.226343,-26.738471,116.58775,-17554.893,-11170.152,3.2600442,-23.190984,-6.0396545,0.0059415455,12.096704,7.7925059,22.306238
3442.6025,0.0017648171,905.06301,-55673.688,1.0000006,-38.646037,32.224653,-26.738471,116.58485,-17554.893,-11170.255,3.2600442,-23.19295,-6.0450204,0.0059355894,12.096694,7.7925059,22.306011
3442.6025,0.0017643783,905.06301,-55673.689,1.0000006,-38.647454,32.223609,-26.738471,116.58321,-17554.894,-11170.367,3.2600442,-23.194559,-6.0486742,0.0059264899,12.096685,7.7925059,22.305326
3442.6025,0.0017638239,905.06301,-55673.689,1.0000006,-38.649002,32.222971,-26.738471,116.58274,-17554.894,-11170.496,3.2600442,-23.196194,-6.0511893,0.0059192165,12.096678,7.7925059,22.304307
3442.6025,0.001763351,905.06301,-55673.69,1.0000006,-38.65044,32.222601,-26.738471,116.58273,-17554.894,-11170.596,3.2600442,-23.197863,-6.0529408,0.0059134144,12.09667,7.7925059,22.30394
3442.6025,0.0017629219,905.06301,-55673.69,1.0000006,-38.651435,32.222345,-26.738471,116.58273,-17554.895,-11170.695,3.2600442,-23.199615,-6.0550644,0.0059087264,12.096663,7.7925059,22.303131
3442.6025,0.0017625047,905.06301,-55673.691,1.0000006,-38.652132,32.221804,-26.738471,116.58273,-17554.895,-11170.793,3.2600442,-23.201816,-6.0586254,0.005899471,12.096655,7.7925059,22.301698
3442.6025,0.0017619909,905.06301,-55673.692,1.0000006,-38.653045,32.221105,-26.738471,116.58273,-17554.895,-11170.897,3.2600442,-23.20369,-6.0610642,0.0058920939,12.096646,7.7925059,22.300428
3442.6025,0.0017615166,905.06301,-55673.692,1.0000006,-38.654323,32.220588,-26.738471,116.58273,-17554.896,-11171.038,3.2600442,-23.205897,-6.0627528,0.0058850074,12.096638,7.7925059,22.299336
3442.6025,0.0017610174,905.06301,-55673.693,1.0000006,-38.655302,32.220201,-26.738471,116.58273,-17554.896,-11171.15,3.2600442,-23.207643,-6.066349,0.0058784631,12.096632,7.7925059,22.296411
3442.6025,0.0017604521,905.06301,-55673.693,1.0000006,-38.656114,32.219424,-26.738471,116.58273,-17554.896,-11171.24,3.2600442,-23.209317,-6.0669207,0.005870302,12.096625,7.7925059,22.295045
3442.6025,0.0017599429,905.06301,-55673.693,1.0000006,-38.657096,32.218806,-26.738471,116.58273,-17554.896,-11171.355,3.2600442,-23.211345,-6.0830607,0.0058635949,12.096618,7.7925059,22.291664
3442.6025,0.0017594757,905.06301,-55673.694,1.0000006,-38.658113,32.218103,-26.738471,116.58273,-17554.897,-11171.468,3.2600442,-23.213281,-6.0830781,0.0058559848,12.09661,7.7925059,22.288558
3442.6025,0.0017589831,905.063,-55673.694,1.0000006,-38.658881,32.217399,-26.738471,116.58273,-17554.897,-11171.573,3.2600442,-23.215198,-6.0876691,0.0058482981,12.096604,7.7925059,22.286413
3442.6025,0.001758379,905.063,-55673.695,1.0000006,-38.659962,32.216748,-26.738471,116.58273,-17554.897,-11171.69,3.2600442,-23.217046,-6.0947752,0.0058400665,12.096598,7.7925059,22.283973
3442.6025,0.0017578973,905.063,-55673.695,1.0000006,-38.66099,32.216281,-26.738471,116.58273,-17554.897,-11171.783,3.2600442,-23.219683,-6.0974174,0.0058324633,12.09659,7.7925059,22.281981
3442.6025,0.00175722,905.063,-55673.696,1.0000006,-38.661904,32.215738,-26.738471,116.58273,-17554.897,-11171.902,3.2600442,-23.221759,-6.0975673,0.0058263999,12.096583,7.7925059,22.279734
3442.6025,0.001756655,905.063,-55673.696,1.0000006,-38.662815,32.21512,-26.738471,116.58273,-17554.898,-11172.053,3.2600442,-23.223399,-6.0982876,0.0058182756,12.096578,7.7925059,22.277238
3442.6025,0.0017562045,905.063,-55673.696,1.0000006,-38.664046,32.214518,-26.738471,116.58273,-17554.898,-11172.174,3.2600442,-23.225666,-6.0990148,0.0058065538,12.096573,7.7925059,22.274013
3442.6025,0.0017556259,905.063,-55673.697,1.0000006,-38.664898,32.213956,-26.738471,116.58273,-17554.898,-11172.291,3.2600442,-23.227709,-6.0992839,0.0057972224,12.096568,7.7925059,22.271229
3442.6025,0.0017550893,905.063,-55673.697,1.0000006,-38.665494,32.213092,-26.738471,116.58273,-17554.898,-11172.402,3.2600442,-23.229637,-6.1001085,0.0057897866,12.096563,7.7925059,22.269008
3442.6025,0.0017544507,905.063,-55673.698,1.0000006,-38.666668,32.212541,-26.738471,116.58273,-17554.898,-11172.519,3.2600442,-23.231302,-6.1012454,0.0057801012,12.096558,7.7925058,22.266363
3442.6025,0.0017538907,905.063,-55673.698,1.0000006,-38.667679,32.212083,-26.738471,116.58273,-17554.899,-11172.66,3.2600442,-23.233031,-6.1016941,0.0057687011,12.096555,7.7925058,22.263624
3442.6025,0.0017533453,905.063,-55673.698,1.0000006,-38.668445,32.211604,-26.738471,116.58273,-17554.899,-11172.796,3.2580074,-23.235268,-6.1025891,0.0057596256,12.096551,7.7925058,22.260877
3442.6025,0.001752806,905.063,-55673.699,1.0000006,-38.669155,32.211201,-26.738471,116.58273,-17554.899,-11172.942,3.2580074,-23.237223,-6.1036892,0.0057495335,12.096547,7.7925058,22.25844
3442.6025,0.0017521067,905.063,-55673.699,1.0000006,-38.669893,32.210896,-26.738471,116.58273,-17554.899,-11173.095,3.2580074,-23.238764,-6.1047958,0.0057378536,12.096544,7.7925058,22.256456
3442.6025,0.0017510625,905.063,-55673.7,1.0000006,-38.67062,32.21049,-26.738471,116.58273,-17554.899,-11173.216,3.2537624,-23.241312,-6.1052016,0.0057285575,12.096542,7.7925058,22.253354
3442.6025,0.0017502321,905.06299,-55673.7,1.0000006,-38.671262,32.210114,-26.738471,116.58273,-17554.9,-11173.321,3.2517551,-23.243584,-6.1055505,0.0057171591,12.09654,7.7925058,22.250278
3442.6025,0.001749571,905.06299,-55673.7,1.0000006,-38.67189,32.209628,-26.738471,116.58273,-17554.9,-11173.452,3.2517551,-23.246429,-6.1057295,0.0057064048,12.096539,7.7925058,22.247251
3442.6025,0.0017490441,905.06299,-55673.7,1.0000006,-38.672364,32.209128,-26.738471,116.58273,-17554.9,-11173.613,3.2517551,-23.248499,-6.1065296,0.0056950473,12.096538,7.7925058,22.244635
3442.6025,0.0017483149,905.06299,-55673.701,1.0000006,-38.67284,32.208949,-26.738471,116.58273,-17554.9,-11173.766,3.2515904,-23.250327,-6.1071595,0.0056845919,12.096538,7.7925058,22.236271
3442.6025,0.001747533,905.06299,-55673.701,1.0000006,-38.673366,32.20845,-26.738471,116.58273,-17554.9,-11173.888,3.251215,-23.253052,-6.1074453,0.0056722864,12.096538,7.7925058,22.226072
3442.6025,0.0017469105,905.06299,-55673.701,1.0000006,-38.673873,32.200374,-26.738471,116.58273,-17554.901,-11174.021,3.251215,-23.255907,-6.1082686,0.0056610338,12.096538,7.7925058,22.215138
3442.6025,0.0017460988,905.06298,-55673.702,1.0000006,-38.674272,32.200374,-26.738471,116.58273,-17554.901,-11174.146,3.251215,-23.258264,-6.1088961,0.0056500584,12.096538,7.7925058,22.204542
3442.6025,0.0017453696,905.06298,-55673.702,1.0000006,-38.674747,32.194293,-26.738471,116.58273,-17554.901,-11174.313,3.251215,-23.260049,-6.1093784,0.0056385678,12.096538,7.7925058,22.196758
3442.6025,0.0017446619,905.06298,-55673.702,1.0000006,-38.675188,32.18932,-26.738471,116.58273,-17554.901,-11174.46,3.2488554,-23.26206,-6.109902,0.0056274361,12.096538,7.7925058,22.190592
3442.6025,0.0017438629,905.06297,-55673.702,1.0000006,-38.675531,32.185261,-26.738471,116.58273,-17554.901,-11174.638,3.2488554,-23.264928,-6.1104105,0.005617528,12.096538,7.7925058,22.18809
3442.6025,0.0017430434,905.06297,-55673.702,1.0000006,-38.675799,32.182216,-26.738471,116.58273,-17554.902,-11174.846,3.2488554,-23.267222,-6.1107714,0.0056065806,12.096538,7.7925057,22.182752
3442.6025,0.0017423912,905.06297,-55673.702,1.0000006,-38.676109,32.180031,-26.738471,116.58273,-17554.902,-11175.004,3.2475694,-23.269189,-6.1123886,0.0055941592,12.096538,7.7925057,22.179839
3442.6025,0.0017416436,905.06296,-55673.703,1.0000006,-38.67643,32.17828,-26.738471,116.58273,-17554.902,-11175.124,3.2438185,-23.271089,-6.1129541,0.005583169,12.096538,7.7925057,22.175514
3442.6025,0.0017408544,905.06296,-55673.703,1.0000006,-38.676718,32.174053,-26.738471,116.58273,-17554.902,-11175.253,3.2438185,-23.273413,-6.1129541,0.0055736692,12.096538,7.7925057,22.168146
3442.6025,0.0017400576,905.06295,-55673.703,1.0000006,-38.678955,32.171129,-26.738471,116.58273,-17554.902,-11175.454,3.2438185,-23.275367,-6.1129541,0.0055606689,12.096538,7.7925057,22.162098
3442.6025,0.0017393629,905.06295,-55673.703,1.0000006,-38.681363,32.168559,-26.738471,116.58273,-17554.902,-11175.608,3.2437709,-23.277129,-6.1276327,0.0055493217,12.096538,7.7925057,22.157322
3442.6025,0.0017385402,905.06294,-55673.703,1.0000006,-38.68458,32.166255,-26.738471,116.58273,-17554.902,-11175.728,3.2432374,-23.278775,-6.2660016,0.0055391176,12.096538,7.7925057,22.153377
3442.6025,0.0017378857,905.06294,-55673.703,1.0000006,-38.686952,32.163998,-26.738471,116.58273,-17554.903,-11175.889,3.2432374,-23.280269,-6.2660016,0.0055293481,12.096538,7.7925057,22.146176
3442.6025,0.0017367997,905.06293,-55673.703,1.0000006,-38.688832,32.162252,-26.738471,116.58273,-17554.903,-11176.055,3.2432374,-23.281789,-6.2660016,0.0055183921,12.096538,7.7925056,22.140365
3442.6025,0.0017359168,905.06293,-55673.703,1.0000006,-38.690238,32.159893,-26.738471,116.58273,-17554.903,-11176.189,3.2432374,-23.282847,-6.2813373,0.0055052416,12.096538,7.7925056,22.13427
3442.6025,0.0017352149,905.06292,-55673.703,1.0000006,-38.691815,32.159278,-26.738471,116.58273,-17554.903,-11176.337,3.2432374,-23.284005,-6.2813373,0.0054947924,12.096538,7.7925056,22.130411
3442.6025,0.0017345075,905.06292,-55673.703,1.0000006,-38.694951,32.157122,-26.738471,116.58273,-17554.903,-11176.479,3.2431411,-23.285068,-6.3027764,0.0054840868,12.096538,7.7925056,22.125579
3442.6025,0.0017332485,905.06291,-55673.703,1.0000006,-38.69906,32.154596,-26.738471,116.58273,-17554.903,-11176.667,3.2429007,-23.285747,-6.3027764,0.0054738654,12.096538,7.7925056,22.120748
3442.6025,0.0017322078,905.06291,-55673.703,1.0000006,-38.701033,32.152718,-26.738471,116.58273,-17554.903,-11176.832,3.2427463,-23.286286,-6.3027764,0.0054608058,12.096538,7.7925056,22.115209
3442.6025,0.0017313818,905.0629,-55673.703,1.0000006,-38.703246,32.151307,-26.738471,116.58273,-17554.904,-11176.963,3.2427463,-23.286669,-6.309105,0.0054504307,12.096538,7.7925055,22.110787
3442.6025,0.0017303728,905.06289,-55673.703,1.0000006,-38.705175,32.148745,-26.738471,116.58273,-17554.904,-11177.099,3.2426105,-23.286825,-6.309105,0.0054407704,12.096538,7.7925055,22.1048
3442.6025,0.0017293198,905.06289,-55673.703,1.0000006,-38.706035,32.146705,-26.738471,116.58273,-17554.904,-11177.257,3.2425173,-23.286868,-6.309105,0.0054287064,12.096538,7.7925055,22.09877
3442.6025,0.001728304,905.06288,-55673.703,1.0000006,-38.706747,32.144933,-26.738471,116.58273,-17554.904,-11177.382,3.2424554,-23.287028,-6.309105,0.0054174936,12.096538,7.7925055,22.096052
3442.6025,0.0017272683,905.06287,-55673.703,1.0000006,-38.707736,32.143106,-26.738471,116.58273,-17554.904,-11177.537,3.2421384,-23.287123,-6.3112398,0.0053996147,12.096538,7.7925055,22.088664
3442.6025,0.0017262595,905.06287,-55673.703,1.0000006,-38.709489,32.141894,-26.738471,116.58273,-17554.904,-11177.684,3.2421384,-23.2872,-6.3122113,0.0053819051,12.096538,7.7925054,22.082648
3442.6025,0.001725221,905.06286,-55673.703,1.0000006,-38.710931,32.140658,-26.738471,116.58273,-17554.904,-11177.855,3.2420357,-23.287494,-6.3122113,0.0053678794,12.096538,7.7925054,22.076288
3442.6025,0.0017241786,905.06285,-55673.703,1.0000006,-38.713127,32.139297,-26.738471,116.58273,-17554.905,-11178.044,3.2418869,-23.287515,-6.3127747,0.0053557951,12.096538,7.7925054,22.071197
3442.6025,0.0017228765,905.06285,-55673.703,1.0000006,-38.714684,32.138003,-26.738471,116.58273,-17554.905,-11178.194,3.2406389,-23.287725,-6.3209897,0.0053422317,12.096538,7.7925053,22.065589
3442.6025,0.0017218469,905.06284,-55673.703,1.0000006,-38.716092,32.136614,-26.738471,116.58273,-17554.905,-11178.313,3.2406389,-23.287861,-6.3221124,0.0053301115,12.096538,7.7925053,22.060504
3442.6025,0.0017209978,905.06283,-55673.703,1.0000006,-38.717338,32.135441,-26.738471,116.58273,-17554.905,-11178.457,3.2406389,-23.287974,-6.3232186,0.0053121325,12.096538,7.7925053,22.056551
3442.6025,0.0017199405,905.06282,-55673.703,1.0000006,-38.718664,32.134501,-26.738471,116.58273,-17554.905,-11178.609,3.2406389,-23.288103,-6.3232186,0.0052973008,12.096538,7.7925053,22.050719
3442.6025,0.001718773,905.06281,-55673.703,1.0000006,-38.720161,32.133191,-26.738471,116.58273,-17554.905,-11178.881,3.2404741,-23.288215,-6.3235262,0.0052849872,12.096538,7.7925052,22.045109
3442.6025,0.0017175974,905.0628,-55673.703,1.0000006,-38.721169,32.132171,-26.738471,116.58273,-17554.905,-11178.942,3.2403663,-23.288318,-6.3246752,0.0052706914,12.096538,7.7925052,22.040619
3442.6025,0.0017166679,905.06279,-55673.703,1.0000006,-38.72242,32.131217,-26.738471,116.58273,-17554.906,-11179.154,3.2401883,-23.288396,-6.3246752,0.0052538577,12.096538,7.7925052,22.036257
3442.6025,0.001715385,905.06278,-55673.703,1.0000006,-38.723352,32.130186,-26.738471,116.58273,-17554.906,-11179.34,3.2401496,-23.288487,-6.3246752,0.0052375717,12.096538,7.7925052,22.031629
3442.6025,0.0017141859,905.06277,-55673.703,1.0000006,-38.723976,32.129309,-26.738471,116.58273,-17554.906,-11179.542,3.2401415,-23.288551,-6.3246752,0.0052240226,12.096538,7.7925052,22.026462
3442.6025,0.0017131544,905.06276,-55673.703,1.0000006,-38.724413,32.128486,-26.738471,116.58273,-17554.906,-11179.759,3.2399439,-23.288625,-6.3246752,0.0052087527,12.096538,7.7925051,22.021682
3442.6025,0.0017122204,905.06275,-55673.703,1.0000006,-38.725323,32.127415,-26.738471,116.58273,-17554.906,-11179.929,3.239865,-23.288692,-6.3277216,0.0051947963,12.096538,7.7925051,22.012442
3442.6025,0.0017108271,905.06274,-55673.703,1.0000006,-38.725949,32.126604,-26.738471,116.58273,-17554.906,-11180.063,3.239865,-23.288776,-6.3277216,0.0051785434,12.096538,7.7925051,21.980724
3442.6025,0.0017095965,905.06273,-55673.703,1.0000006,-38.726384,32.125984,-26.738471,116.58273,-17554.907,-11180.217,3.2398319,-23.288859,-6.3277216,0.0051642393,12.096538,7.7925051,21.980724
3442.6025,0.0017086267,905.06272,-55673.703,1.0000006,-38.726693,32.12535,-26.738471,116.58273,-17554.907,-11180.641,3.2398184,-23.288936,-6.3281715,0.0051503641,12.096538,7.792505,21.971145
3442.6025,0.0017075327,905.06271,-55673.703,1.0000006,-38.727222,32.124696,-26.738471,116.58273,-17554.907,-11180.805,3.2397525,-23.289012,-6.328561,0.0051335477,12.096538,7.792505,21.954471
3442.6025,0.0017063398,905.0627,-55673.703,1.0000006,-38.727606,32.124069,-26.738471,116.58273,-17554.907,-11181.14,3.2397106,-23.289085,-6.3289328,0.0051179107,12.096538,7.792505,21.941034
3442.6025,0.0017053377,905.06269,-55673.703,1.0000006,-38.728334,32.123552,-26.738471,116.58273,-17554.907,-11181.398,3.2396731,-23.289134,-6.3294442,0.0051045545,12.096538,7.792505,21.930506
3442.6025,0.0017040989,905.06267,-55673.703,1.0000006,-38.728956,32.12302,-26.738471,116.58273,-17554.908,-11181.584,3.2396446,-23.289199,-6.3298211,0.0050870771,12.096538,7.7925049,21.920963
3442.6025,0.0017028004,905.06266,-55673.703,1.0000006,-38.729353,32.122537,-26.738471,116.58273,-17554.908,-11181.805,3.2396204,-23.289262,-6.3301556,0.0050703379,12.096538,7.7925049,21.908363
3442.6025,0.0017017815,905.06265,-55673.703,1.0000006,-38.729606,32.121592,-26.738471,116.58273,-17554.908,-11181.976,3.2395851,-23.289315,-6.3305041,0.0050539167,12.096538,7.7925049,21.901269
3442.6025,0.001700719,905.06264,-55673.703,1.0000006,-38.72989,32.120802,-26.738471,116.58273,-17554.908,-11182.183,3.2395599,-23.289368,-6.3307652,0.0050327051,12.096538,7.7925049,21.8951
3442.6025,0.0016996142,905.06262,-55673.704,1.0000006,-38.730292,32.120173,-26.738471,116.58273,-17554.908,-11182.39,3.2395417,-23.289419,-6.3312181,0.005016023,12.096538,7.7925048,21.889694
3442.6025,0.0016983179,905.06261,-55673.704,1.0000006,-38.730581,32.119718,-26.738471,116.58273,-17554.914,-11182.546,3.2395211,-23.289467,-6.3318083,0.0050008631,12.096538,7.7925048,21.883668
3442.6025,0.0016970075,905.06259,-55673.704,1.0000006,-38.73094,32.119253,-26.738471,116.58273,-17554.914,-11182.755,3.2395054,-23.289509,-6.3321631,0.0049867532,12.096538,7.7925048,21.876622
3442.6025,0.0016959842,905.06258,-55673.704,1.0000006,-38.731396,32.118821,-26.738471,116.58273,-17554.918,-11182.943,3.2394926,-23.28956,-6.332372,0.0049694307,12.096538,7.7925048,21.870531
3442.6025,0.0016948964,905.06257,-55673.704,1.0000006,-38.73166,32.11846,-26.738471,116.58273,-17554.922,-11183.104,3.2394719,-23.2896,-6.332678,0.0049529927,12.096538,7.7925047,21.863652
3442.6025,0.0016938454,905.06255,-55673.704,1.0000006,-38.732104,32.118122,-26.738471,116.58273,-17554.925,-11183.289,3.2394566,-23.289656,-6.3330366,0.0049375069,12.096538,7.7925047,21.854645
3442.6025,0.0016928963,905.06254,-55673.704,1.0000006,-38.732547,32.117701,-26.738471,116.58273,-17554.928,-11183.5,3.2394451,-23.289704,-6.3335831,0.0049202815,12.096538,7.7925047,21.843116
3442.6025,0.0016917778,905.06253,-55673.704,1.0000006,-38.732864,32.116663,-26.738471,116.58273,-17554.93,-11183.663,3.2394307,-23.289741,-6.3339706,0.0049046888,12.096538,7.7925046,21.83151
3442.6025,0.001690598,905.06251,-55673.704,1.0000006,-38.733094,32.115725,-26.738471,116.58273,-17554.932,-11183.821,3.2394161,-23.28978,-6.3346167,0.0048853238,12.096538,7.7925046,21.821811
3442.6025,0.0016896525,905.0625,-55673.704,1.0000006,-38.733287,32.115084,-26.738471,116.58273,-17554.936,-11184.008,3.2394061,-23.289824,-6.3353052,0.0048693337,12.096538,7.7925046,21.813418
3442.6025,0.001688502,905.06248,-55673.704,1.0000006,-38.733595,32.114138,-26.738471,116.58273,-17554.939,-11184.223,3.2393987,-23.289862,-6.3353657,0.0048561383,12.096538,7.7925045,21.799222
3442.6025,0.001687495,905.06247,-55673.704,1.0000006,-38.73389,32.113536,-26.738471,116.58273,-17554.945,-11184.433,3.2393883,-23.289898,-6.3359125,0.0048372176,12.096538,7.7925045,21.792071
3442.6025,0.0016865663,905.06245,-55673.704,1.0000006,-38.734115,32.113111,-26.738471,116.58273,-17554.949,-11184.597,3.2393758,-23.289937,-6.3368445,0.0048179934,12.096538,7.7925045,21.78105
3442.6025,0.0016857074,905.06244,-55673.704,1.0000006,-38.734287,32.112486,-26.738471,116.58273,-17554.952,-11184.807,3.2393645,-23.289981,-6.3375524,0.0048011287,12.096538,7.7925044,21.771348
3442.6025,0.0016847345,905.06242,-55673.704,1.0000006,-38.734421,32.111645,-26.738471,116.58273,-17554.955,-11184.978,3.2393573,-23.290021,-6.3384926,0.0047859463,12.096538,7.7925044,21.762623
3442.6025,0.001683866,905.0624,-55673.704,1.0000006,-38.734557,32.11109,-26.738471,116.58273,-17554.958,-11185.165,3.2393529,-23.290057,-6.3391995,0.0047713038,12.096538,7.7925044,21.751968
3442.6025,0.001683124,905.06238,-55673.704,1.0000006,-38.734647,32.110559,-26.738471,116.58273,-17554.963,-11185.33,3.2393501,-23.290091,-6.3405421,0.0047513164,12.096538,7.7925043,21.741424
3442.6025,0.0016821943,905.06236,-55673.704,1.0000006,-38.734773,32.110008,-26.738471,116.58273,-17554.967,-11185.536,3.239348,-23.290549,-6.3417241,0.0047326021,12.096538,7.7925043,21.729694
3442.6025,0.0016814827,905.06234,-55673.704,1.0000006,-38.73497,32.109456,-26.738471,116.58273,-17554.971,-11185.765,3.2393455,-23.290555,-6.3424734,0.0047176367,12.096538,7.7925043,21.720297
3442.6025,0.0016808032,905.06232,-55673.704,1.0000006,-38.735123,32.108868,-26.738471,116.58273,-17554.975,-11185.988,3.2393442,-23.290874,-6.3430492,0.0047009543,12.096538,7.7925042,21.708741
3442.6025,0.0016801029,905.0623,-55673.713,1.0000006,-38.735229,32.108412,-26.738471,116.58273,-17554.979,-11186.156,3.2393439,-23.291105,-6.3435,0.0046879025,12.096538,7.7925042,21.693353
3442.6025,0.0016792587,905.06228,-55673.715,1.0000006,-38.735409,32.107861,-26.738471,116.58273,-17554.984,-11186.304,3.2393433,-23.291297,-6.3437886,0.004672638,12.096538,7.7925042,21.681026
3442.6025,0.0016785315,905.06226,-55673.723,1.0000006,-38.735563,32.107402,-26.738471,116.58273,-17554.988,-11186.492,3.2393408,-23.291442,-6.3444514,0.0046589217,12.096538,7.7925041,21.671164
3442.6025,0.001677982,905.06224,-55673.727,1.0000006,-38.735678,32.107042,-26.738471,116.58273,-17554.992,-11186.652,3.2393395,-23.291558,-6.3450823,0.0046432945,12.096538,7.7925041,21.657359
3442.6025,0.0016774053,905.06221,-55673.73,1.0000006,-38.736303,32.106504,-26.738471,116.58273,-17554.995,-11186.794,3.239339,-23.29175,-6.3454041,0.0046291367,12.096538,7.7925041,21.646615
3442.6025,0.0016768445,905.06219,-55673.733,1.0000006,-38.736325,32.105858,-26.738471,116.58273,-17555,-11186.977,3.2393389,-23.291944,-6.3480036,0.0046158195,12.096538,7.792504,21.634654
3442.6025,0.0016763009,905.06217,-55673.736,1.0000006,-38.736692,32.104088,-26.738471,116.58273,-17555.004,-11187.13,3.2393369,-23.29215,-6.350089,0.0045969609,12.096538,7.792504,21.623765
3442.6025,0.0016757498,905.06215,-55673.741,1.0000006,-38.73694,32.102832,-26.738471,116.58273,-17555.008,-11187.247,3.2393356,-23.292304,-6.3512651,0.0045812553,12.096538,7.7925039,21.613062
3442.6025,0.0016753413,905.06213,-55673.749,1.0000006,-38.737759,32.10193,-26.738471,116.58273,-17555.012,-11187.421,3.2393348,-23.292507,-6.3518904,0.0045669754,12.096538,7.7925039,21.602473
3442.6025,0.0016749392,905.0621,-55673.754,1.0000006,-38.737798,32.101274,-26.738471,116.58273,-17555.016,-11187.566,3.239334,-23.292698,-6.3528874,0.0045529399,12.096538,7.7925039,21.590548
3442.6025,0.0016744668,905.06207,-55673.758,1.0000006,-38.738736,32.100791,-26.738471,116.58273,-17555.02,-11187.677,3.2393332,-23.292839,-6.354083,0.0045398214,12.096538,7.7925038,21.578551
3442.6025,0.0016741357,905.06205,-55673.763,1.0000006,-38.740691,32.099783,-26.738471,116.58273,-17555.025,-11187.814,3.2393326,-23.292956,-6.3548295,0.004527342,12.096538,7.7925038,21.565306
3442.6025,0.0016737923,905.06203,-55673.766,1.0000006,-38.740919,32.098737,-26.738471,116.58273,-17555.028,-11187.926,3.2393317,-23.293126,-6.3565037,0.0045145731,12.096538,7.7925037,21.551881
3442.6025,0.0016735326,905.06201,-55673.771,1.0000006,-38.742278,32.097751,-26.738471,116.58273,-17555.032,-11188.029,3.2393311,-23.293272,-6.3580136,0.0045012064,12.096538,7.7925037,21.538761
3442.6025,0.0016733606,905.06198,-55673.776,1.0000006,-38.743258,32.096677,-26.738471,116.58273,-17555.037,-11188.126,3.2393306,-23.293386,-6.3586106,0.0044878826,12.096538,7.7925036,21.527689
3442.6025,0.0016731666,905.06196,-55673.781,1.0000006,-38.744093,32.095883,-26.738471,116.58273,-17555.042,-11188.221,3.2393304,-23.293521,-6.359487,0.0044722068,12.096538,7.7925036,21.515949
3442.6025,0.0016730547,905.06194,-55673.785,1.0000006,-38.744703,32.095219,-26.738471,116.58273,-17555.046,-11188.32,3.23933,-23.29368,-6.3605041,0.0044585898,12.096538,7.7925035,21.501455
3442.6025,0.0016729951,905.0619,-55673.789,1.0000006,-38.745254,32.09439,-26.738471,116.58273,-17555.051,-11188.405,3.2393294,-23.293822,-6.3617921,0.0044460724,12.096538,7.7925035,21.487654
3442.6025,0.0016729788,905.06188,-55673.793,1.0000006,-38.746031,32.093659,-26.738471,116.58273,-17555.056,-11188.479,3.2393289,-23.293962,-6.3626745,0.0044343701,12.096538,7.7925034,21.475081
3442.6025,0.0016729788,905.06185,-55673.797,1.0000006,-38.746519,32.09308,-26.738471,116.58273,-17555.06,-11188.553,3.2393286,-23.294149,-6.3634858,0.004423544,12.096538,7.7925034,21.46187
3442.6025,0.0016729788,905.06182,-55673.801,1.0000006,-38.747032,32.092479,-26.738471,116.58273,-17555.065,-11188.607,3.2393283,-23.294291,-6.3659683,0.0044106455,12.096538,7.7925033,21.448659
3442.6025,0.0016729788,905.06179,-55673.804,1.0000006,-38.747503,32.091893,-26.738471,116.58273,-17555.069,-11188.646,3.239328,-23.294402,-6.3675478,0.0043911698,12.096538,7.7925033,21.429835
3442.6025,0.0016729788,905.06177,-55673.807,1.0000006,-38.747847,32.091241,-26.738471,116.58273,-17555.074,-11188.916,3.2393278,-23.294503,-6.3689233,0.0043765969,12.096538,7.7925032,21.404092
3442.6025,0.0016729788,905.06174,-55673.81,1.0000006,-38.748314,32.09062,-26.738471,116.58273,-17555.079,-11188.916,3.2393275,-23.294664,-6.369883,0.0043655577,12.096538,7.7925032,21.383556
3442.6025,0.0016729788,905.06171,-55673.813,1.0000006,-38.748729,32.090099,-26.738471,116.58273,-17555.084,-11188.974,3.2393254,-23.294788,-6.3706295,0.0043571097,12.096538,7.7925031,21.367092
3442.6025,0.0016729788,905.06168,-55673.816,1.0000006,-38.749158,32.089583,-26.738471,116.58273,-17555.089,-11189.107,3.2393254,-23.294906,-6.3714106,0.0043438897,12.096538,7.792503,21.348801
3442.6025,0.0016729788,905.06165,-55673.818,1.0000006,-38.74956,32.089176,-26.738471,116.58273,-17555.095,-11189.206,3.2393254,-23.295041,-6.372189,0.0043327006,12.096538,7.792503,21.328615
3442.6025,0.0016729788,905.06162,-55673.82,1.0000006,-38.749855,32.088784,-26.738471,116.58273,-17555.101,-11189.28,3.239325,-23.295157,-6.3727634,0.0043208235,12.096538,7.7925029,21.308039
3442.6025,0.0016729788,905.06158,-55673.823,1.0000006,-38.750239,32.088353,-26.738471,116.58273,-17555.105,-11189.34,3.2393248,-23.29525,-6.3740173,0.0043103303,12.096538,7.7925029,21.288407
3442.6025,0.0016729788,905.06154,-55673.825,1.0000006,-38.750591,32.087969,-26.738471,116.58273,-17555.111,-11189.605,3.2393247,-23.295375,-6.3747074,0.0042990949,12.096538,7.7925028,21.266083
3442.6025,0.0016729788,905.06151,-55673.827,1.0000006,-38.751077,32.087583,-26.738471,116.58273,-17555.117,-11189.61,3.2393247,-23.295494,-6.3753446,0.0042895438,12.096538,7.7925028,21.244767
3442.6025,0.0016729788,905.06148,-55673.829,1.0000006,-38.751508,32.082815,-26.738471,116.58273,-17555.123,-11189.778,3.2393247,-23.295689,-6.3759976,0.0042797608,12.096538,7.7925027,21.222154
3442.6025,0.0016729788,905.06145,-55673.83,1.0000006,-38.751772,32.082378,-26.738471,116.58273,-17555.127,-11189.906,3.2393246,-23.295775,-6.3769597,0.0042725427,12.096538,7.7925026,21.199423
3442.6025,0.0016729788,905.06141,-55673.832,1.0000006,-38.752047,32.080256,-26.738471,116.58273,-17555.134,-11189.999,3.2393246,-23.295944,-6.377684,0.0042638933,12.096538,7.7925026,21.179104
3442.6025,0.0016729788,905.06138,-55673.833,1.0000006,-38.752294,32.078547,-26.738471,116.58273,-17555.139,-11190.098,3.2393246,-23.296107,-6.378333,0.0042559768,12.096538,7.7925025,21.156358
3442.6025,0.0016729788,905.06134,-55673.835,1.0000006,-38.752492,32.077121,-26.738471,116.58273,-17555.145,-11190.171,3.2393246,-23.296234,-6.3788538,0.004249727,12.096538,7.7925025,21.128222
3442.6025,0.0016729788,905.0613,-55673.836,1.0000006,-38.75409,32.076046,-26.738471,116.58273,-17555.151,-11190.266,3.2393245,-23.296349,-6.3795406,0.0042448272,12.096538,7.7925024,21.101218
3442.6025,0.0016729788,905.06125,-55673.837,1.0000006,-38.754623,32.075451,-26.738471,116.58273,-17555.158,-11190.393,3.2393245,-23.296435,-6.3802083,0.0042380133,12.096538,7.7925023,21.079563
3442.6025,0.0016729788,905.0612,-55673.839,1.0000006,-38.755377,32.074169,-26.738471,116.58273,-17555.164,-11190.513,3.2393245,-23.296536,-6.3809074,0.0042330277,12.096538,7.7925023,21.05869
3442.6025,0.0016729788,905.06116,-55673.84,1.0000006,-38.756043,32.07284,-26.738471,116.58273,-17555.17,-11190.642,3.2393242,-23.296678,-6.381392,0.0042284468,12.096538,7.7925022,21.034091
3442.6025,0.0016729788,905.06111,-55673.841,1.0000006,-38.756311,32.07142,-26.738471,116.58273,-17555.177,-11190.788,3.2393242,-23.296793,-6.3819578,0.0042250455,12.096538,7.7925021,21.007779
3442.6025,0.0016729788,905.06107,-55673.842,1.0000006,-38.756594,32.069746,-26.738471,116.58273,-17555.182,-11190.902,3.2393242,-23.296905,-6.3825496,0.0042211779,12.096538,7.7925021,20.981914
3442.6025,0.0016729788,905.06102,-55673.843,1.0000006,-38.757193,32.068076,-26.738471,116.58273,-17555.191,-11190.992,3.2393241,-23.297045,-6.3829162,0.0042175699,12.096538,7.792502,20.96024
3442.6025,0.0016729788,905.06097,-55673.844,1.0000006,-38.757596,32.066644,-26.738471,116.58273,-17555.197,-11191.1,3.2393241,-23.297163,-6.3833302,0.0042147114,12.096538,7.7925019,20.937972
3442.6025,0.0016729788,905.06092,-55673.845,1.0000006,-38.757777,32.065536,-26.738471,116.58273,-17555.203,-11191.237,3.2393238,-23.297244,-6.3836515,0.0042127195,12.096538,7.7925019,20.91204
3442.6025,0.0016729788,905.06088,-55673.846,1.0000006,-38.758026,32.064563,-26.738471,116.58273,-17555.212,-11191.355,3.2393238,-23.297324,-6.3838603,0.0042101078,12.096538,7.7925018,20.88699
3442.6025,0.0016729788,905.06082,-55673.847,1.0000006,-38.758572,32.062894,-26.738471,116.58273,-17555.221,-11191.474,3.2393237,-23.29742,-6.384073,0.0042083617,12.096538,7.7925017,20.861903
3442.6025,0.0016729788,905.06077,-55673.848,1.0000006,-38.758622,32.061496,-26.738471,116.58273,-17555.229,-11191.603,3.2393236,-23.297496,-6.3842988,0.0042071755,12.096538,7.7925016,20.830034
3442.6025,0.0016729788,905.06072,-55673.849,1.0000006,-38.758873,32.060439,-26.738471,116.58273,-17555.235,-11191.801,3.2393235,-23.297583,-6.3844374,0.0042059461,12.096538,7.7925016,20.798386
3442.6025,0.0016729788,905.06065,-55673.85,1.0000006,-38.759246,32.059021,-26.738471,116.58273,-17555.243,-11191.984,3.2393234,-23.297668,-6.3845213,0.0042048915,12.096538,7.7925015,20.770343
3442.6025,0.0016729788,905.0606,-55673.851,1.0000006,-38.759493,32.057864,-26.738471,116.58273,-17555.252,-11192.128,3.2393233,-23.297744,-6.3847016,0.0042040063,12.096538,7.7925014,20.744937
3442.6025,0.0016729788,905.06055,-55673.852,1.0000006,-38.75977,32.056746,-26.738471,116.58273,-17555.261,-11192.241,3.2393232,-23.297811,-6.3848181,0.0042034257,12.096538,7.7925013,20.716098
3442.6025,0.0016729788,905.06048,-55673.853,1.0000006,-38.759992,32.055466,-26.738471,116.58273,-17555.269,-11192.385,3.2393226,-23.297868,-6.384984,0.0042028,12.096538,7.7925012,20.687506
3442.6025,0.0016729788,905.06042,-55673.854,1.0000006,-38.760171,32.0543,-26.738471,116.58273,-17555.277,-11192.543,3.2393226,-23.297928,-6.3851253,0.0042024034,12.096538,7.7925011,20.661601
3442.6025,0.0016729788,905.06037,-55673.855,1.0000006,-38.760413,32.053098,-26.738472,116.58273,-17555.285,-11192.689,3.2393224,-23.297969,-6.3852316,0.0042021789,12.096538,7.792501,20.632454
3442.6025,0.0016729788,905.06031,-55673.856,1.0000006,-38.760618,32.051846,-26.738472,116.58273,-17555.294,-11192.87,3.2393223,-23.298009,-6.3853914,0.0042020036,12.096538,7.7925009,20.601257
3442.6025,0.0016729788,905.06025,-55673.857,1.0000006,-38.760785,32.050528,-26.738472,116.58273,-17555.303,-11193.01,3.2393222,-23.29805,-6.3855668,0.0042018802,12.096538,7.7925009,20.561411
3442.6025,0.0016729788,905.06019,-55673.858,1.0000006,-38.761733,32.049538,-26.738472,116.58273,-17555.313,-11193.146,3.2393222,-23.298083,-6.3857054,0.0042018216,12.096538,7.7925008,20.529439
3442.6025,0.0016729788,905.06013,-55673.859,1.0000006,-38.762991,32.048656,-26.738472,116.58273,-17555.331,-11193.309,3.2393222,-23.298108,-6.3858394,0.0042017929,12.096538,7.7925007,20.498921
3442.6025,0.0016729788,905.06007,-55673.86,1.0000006,-38.76438,32.047606,-26.738472,116.58273,-17555.346,-11193.471,3.2393222,-23.298138,-6.3860039,0.0042017839,12.096538,7.7925006,20.465257
3442.6025,0.0016729788,905.05999,-55673.86,1.0000006,-38.765406,32.046495,-26.738472,116.58273,-17555.358,-11193.601,3.2393222,-23.298159,-6.3861521,0.0042017818,12.096538,7.7925005,20.432096
3442.6025,0.0016729788,905.05992,-55673.861,1.0000006,-38.766142,32.045643,-26.738472,116.58273,-17555.367,-11193.731,3.2393221,-23.298175,-6.3862695,0.0042017817,12.096538,7.7925004,20.39086
3442.6025,0.0016729788,905.05986,-55673.862,1.0000006,-38.766654,32.044801,-26.738472,116.58273,-17555.382,-11193.887,3.2393221,-23.298187,-6.3863976,0.0042017817,12.096538,7.7925002,20.351014
3442.6025,0.0016729788,905.0598,-55673.863,1.0000006,-38.767093,32.043911,-26.738472,116.58273,-17555.396,-11194.007,3.2393221,-23.298199,-6.3865709,0.0042017817,12.096538,7.7925001,20.319048
3442.6025,0.0016729788,905.05974,-55673.864,1.0000006,-38.767831,32.043055,-26.738472,116.58273,-17555.409,-11194.122,3.239322,-23.298478,-6.3867068,0.0042017817,12.096538,7.7925,20.284185
3442.6025,0.0016729788,905.05967,-55673.865,1.0000006,-38.768709,32.041776,-26.738472,116.58273,-17555.422,-11194.264,3.239322,-23.299256,-6.3868355,0.0042017817,12.096538,7.7924999,20.238168
3442.6025,0.0016729788,905.05962,-55673.866,1.0000006,-38.769457,32.040701,-26.738472,116.58273,-17555.438,-11194.407,3.2393219,-23.299773,-6.3869887,0.0042017817,12.096538,7.7924997,20.193815
3442.6025,0.0016729788,905.05954,-55673.867,1.0000006,-38.769997,32.039594,-26.738472,116.58273,-17555.46,-11194.516,3.2393219,-23.300043,-6.3871093,0.0042017817,12.096538,7.7924996,20.157257
3442.6025,0.0016729788,905.05945,-55673.867,1.0000006,-38.771276,32.03877,-26.738472,116.58273,-17555.479,-11194.613,3.2393219,-23.300174,-6.3874622,0.0042017817,12.096538,7.7924994,20.122421
3442.6025,0.0016729788,905.05938,-55673.868,1.0000006,-38.772232,32.038224,-26.738472,116.58273,-17555.494,-11194.791,3.2393218,-23.300208,-6.3877785,0.0042017817,12.096538,7.7924993,20.072523
3442.6025,0.0016729788,905.05932,-55673.869,1.0000006,-38.773099,32.037859,-26.738472,116.58273,-17555.514,-11194.885,3.2393218,-23.300228,-6.388025,0.0042017817,12.096538,7.7924992,20.028275
3442.6025,0.0016729788,905.05926,-55673.87,1.0000006,-38.773797,32.037346,-26.738472,116.58273,-17555.532,-11195.02,3.2393218,-23.300237,-6.3882181,0.0042017817,12.096538,7.792499,19.984733
3442.6025,0.0016729788,905.05918,-55673.871,1.0000006,-38.774222,32.037032,-26.738472,116.58273,-17555.552,-11195.141,3.2393218,-23.300279,-6.3884555,0.0042017817,12.096538,7.7924989,19.930525
3442.6025,0.0016729788,905.05911,-55673.872,1.0000006,-38.776208,32.036753,-26.738472,116.58273,-17555.568,-11195.25,3.2393217,-23.300315,-6.3887049,0.0042017817,12.096538,7.7924987,19.882411
3442.6025,0.0016729788,905.05904,-55673.873,1.0000006,-38.77676,32.036285,-26.738472,116.58273,-17555.589,-11195.351,3.2393217,-23.30032,-6.3888776,0.0042017817,12.096538,7.7924986,19.833965
3442.6025,0.0016729788,905.05897,-55673.874,1.0000006,-38.776889,32.035889,-26.738472,116.58273,-17555.61,-11195.482,3.2393217,-23.300367,-6.3889985,0.0042017817,12.096538,7.7924984,19.770505
3442.6025,0.0016729788,905.05886,-55673.874,1.0000006,-38.777809,32.035659,-26.738472,116.58273,-17555.628,-11195.579,3.2393217,-23.300417,-6.3892213,0.0042017817,12.096538,7.7924983,19.706882
3442.6025,0.0016729788,905.05877,-55673.875,1.0000006,-38.778471,32.035382,-26.738472,116.58273,-17555.653,-11195.651,3.2393217,-23.300452,-6.3895585,0.0042017817,12.096538,7.7924982,19.655378
