Exp_1,Exp_2,Exp_3,Exp_4,Exp_5,Exp_6,Exp_7,Exp_8,Exp_9,Exp_10,Exp_11,Exp_12,Exp_13,Exp_14,Exp_15,Exp_16,Exp_17,Exp_18,Exp_19,Exp_20,Exp_21,Exp_22,Exp_23,Exp_24,Exp_25,Exp_26,Exp_27,Exp_28,Exp_29,Exp_30,Exp_31,Exp_32,Exp_33,Exp_34,Exp_35,Exp_36,Exp_37,Exp_38,Exp_39,Exp_40,Exp_41,Exp_42,Exp_43,Exp_44,Exp_45,Exp_46,Exp_47,Exp_48,Exp_49,Exp_50
41822.947,48401.027,55383.168,61368.364,59198.504,49416.531,44727.548,53921.807,61304.81,51749.727,36549.321,44942.001,47589.716,42059.752,50086.13,55114.736,51955.691,55179.473,46191.931,49862.731,54053.244,57055.734,59178.024,47205.98,38438.502,58952.906,51935.986,59082.603,54321.646,45708.664,52746.914,54992.76,52597.341,54313.218,61163.968,50817.684,60651.899,56365.078,63008.225,54905.753,45393.567,57573.851,61068.574,47688.921,51116.589,49981.977,59774.854,45285.846,55674.887,48038.165
35326.109,43990.549,39818.693,42130.93,35620.408,45586.837,37921.671,42506.311,43133.577,36561.655,36017.32,37338.127,37683.605,35297.648,30463.65,46113.091,50687.441,46043.369,37666.162,25853.934,52380.366,33392.867,47672.498,37793.35,31594.427,33039.052,49704.631,47244.401,38007.291,38492.943,46708.72,46257.336,49717.713,51506.269,28414.014,42280.266,38400.716,28576.809,41277.508,35995.473,37875.025,42253.967,47279.502,36540.775,39854.717,40088.652,38948.429,38185.707,41372.996,40882.03
33294.65,35791.906,33774.326,37653.529,35620.408,33874.804,34617.413,39574.053,37821.99,33475.136,31857.082,35919.844,34131.448,32875.084,26827.767,33906.023,26853.837,35825.534,37666.162,22378.331,35023.726,33268.195,33145.27,30627.447,27576.738,24920.434,35566.672,33546.604,32911.309,34491.533,36392.413,45566.657,38794.847,40799.326,26672.936,36844.988,33414.335,28576.809,39755.548,29258.731,29477.481,42253.967,34951.651,30522.809,30043.133,33866.333,27622.655,33049.274,34238.896,36915.938
28760.668,25770.566,33774.326,29277.885,29005.208,29102.473,25797.192,30531.404,32295.531,33475.136,30064.283,32853.544,22829.359,32875.084,21835.057,25616.002,24024.431,33362.355,30471.578,16082.52,30594.515,28846.22,26221.794,26653.964,19009.14,24920.434,27011.498,26457.266,22078.2,29832.973,28915.722,36891.315,26812.853,35193.094,21485.621,25320.626,32294.042,21000.56,25518.497,29258.731,17552.44,31371.296,25426.314,23584.977,20724.264,24674.464,27473.237,21424.94,28036.718,27896.238
25542.237,20986.168,19331.739,23112.02,27627.341,24199.375,22077.465,22729.179,20333.51,22506.245,20847.346,23004.97,20136.191,21107.934,18240.507,21208.992,24024.431,31937.78,27924.348,16013.753,26688.804,24531.875,22120.12,23672.145,13484.622,16602.706,25175.713,20310.496,22078.2,26053.864,26182.021,27770.92,22736.362,24877.832,19140.661,18751.754,26788.151,15944.206,22411.828,22074.257,17552.44,25395.377,19585.87,18333.616,20325.968,24674.464,15970.432,18678.434,22436.157,27896.238
22031.275,20578.382,18970.561,21208.233,21818.916,13605.048,19989.908,19946.522,19408.725,20672.56,19077.639,18670.874,17191.465,17015.403,18118.858,18750.506,18067.574,22417.458,22164.7,13496.775,16346.087,21418.476,16133.049,19351.558,9166.5778,16602.706,21739.424,14028.579,15979.362,19656.382,23538.496,20923.717,17795.264,19690.153,15636.667,16776.015,25126.877,13570.596,15679.53,16213.581,14550.062,22212.568,19585.87,17245.482,15821.092,21908.636,15765.418,15250.849,18560.658,22568.283
20087.295,13610.347,13697.379,17102.972,16027.361,11903.73,14727.375,15406.219,16107.56,16647.961,15492.875,14016.61,16005.37,14833.685,11889.522,18716.728,14432.547,19655.819,16541.344,13496.775,14514.875,14201.971,11449.445,15654.78,8070.5101,14271.921,19611.439,12801.838,14167.22,13967.89,19712.073,17604.992,13427.458,11634.826,13188.186,12775.902,19123.509,7415.2173,15309.83,11870.941,13259.603,17556.523,15922.183,14310.435,13213.815,16853.012,12555.197,11168.425,15731.31,17580.109
15518.526,11271.027,11402.539,11670.709,12249.189,11096.911,12398.042,13437.845,9456.8918,12593.358,12567.785,9899.1984,15134.487,12409.587,10589.552,14670.601,12164.203,15618.602,14620.7,10531.654,13297.77,11726.31,10527.695,12613.354,6455.2916,12358.707,16960.978,10714.564,10341.251,11953.917,16243.289,15122.198,10116.248,10168.959,11013.776,11479.684,15974.654,5949.8402,12876.315,11128.711,10021.85,15367.821,14141.534,12406.441,9861.4246,13549.31,10063.631,9866.6475,12636.703,17580.109
14247.071,11058.285,9033.7367,9221.3922,11202.048,8773.8564,10662.314,9633.0925,8458.7339,10619.962,11639.541,7656.2074,10758.229,10718.746,9338.3677,11457.608,11058.889,13631.543,11082.992,5865.098,10486.112,10940.966,9357.2725,11230.045,6417.3346,9652.946,13444.677,9646.3587,9541.128,11078.829,16243.289,12130.168,8729.0974,10168.959,9089.5665,10417.019,13210.06,4597.9091,10442.903,9539.9597,7076.8952,14165.808,10872.938,9928.1648,6206.5331,11005.517,9001.2962,7760.7523,11304.505,16755.045
11359.304,8074.8835,5269.6305,7649.2836,10188.037,6145.6311,8327.0301,7290.5796,6126.9491,9256.1484,8519.0296,5478.8543,8303.0898,10456.203,8359.6386,8684.0707,7985.9537,9101.7709,8957.0513,5781.325,8116.354,9154.0188,8755.0153,6310.1602,5157.9156,9058.2857,12072.427,7518.2819,7039.1911,9661.274,14520.223,8855.899,6399.4023,8762.2902,7093.7559,8885.4432,10653.699,3638.0487,8751.1539,7141.512,6069.7879,10719.686,9136.1664,7140.9672,5589.608,10309.408,7205.833,6548.4651,10935.129,14737.843
9740.9596,8074.8835,5269.6305,6123.8325,8227.1145,5756.9023,7072.961,6198.8897,6010.4081,8114.836,7880.8847,4908.9687,7499.9017,7495.609,5653.6528,7715.9584,7163.3745,7972.3641,7457.3386,5055.8034,6429.9151,6797.3848,7203.2768,5581.6621,4659.0061,7728.1358,10267.99,6088.8212,5887.8114,8102.0952,11160.877,6588.0177,5299.3616,6656.287,6056.9864,7334.8636,8805.3072,2456.8471,8465.5215,5908.8484,5578.4316,8382.7668,6881.351,6545.638,4611.399,8923.4755,6480.767,4706.8191,9228.1876,12156.474
8066.3212,5566.9256,4813.1328,4938.5196,6906.6045,4984.5923,5532.695,4091.4007,4641.8631,6488.3145,6267.6442,3598.4384,6988.0574,6577.1925,5004.4672,6966.382,6407.7261,6159.617,5745.6545,4009.4587,5357.8472,4552.8346,6020.7126,4680.6979,3223.9737,6775.9195,8485.9603,4781.381,5343.3757,7148.7492,9535.8246,5839.2104,3591.5123,5596.2518,4270.1126,6460.4745,5934.3001,2134.9073,6711.9314,5018.6516,5036.8857,6561.6749,6310.0026,5654.2965,2836.9525,7404.768,4421.3307,3488.2981,8066.4523,10352.305
7004.4031,4598.4544,3969.1717,3948.3045,5841.7926,3272.7357,5066.2207,3702.2621,4080.3707,5284.4364,5179.4173,3392.3583,6107.2326,4634.7566,3777.6027,6283.0056,5353.8967,4577.9287,5141.2123,3160.1465,4601.471,3246.678,5115.4762,3878.0846,2844.8043,5709.1676,7111.3643,3937.836,4688.8436,6153.768,7558.1388,4539.2566,2798.2122,4785.7738,3552.6172,4585.6607,4646.871,1788.2684,5046.1145,3693.8013,4054.3758,4324.4788,4751.097,5113.2741,2022.7233,6123.8083,3222.2219,2833.4641,7128.0851,9118.5705
6103.5035,3982.0107,2834.2886,3655.0028,4383.7838,2525.0927,4460.4116,3113.4219,2955.6965,4113.0674,4305.1361,2473.5053,5305.5271,4333.0556,3143.6779,5124.0128,4446.5687,3341.5405,4492.2343,2344.8045,4020.0509,2884.2072,4456.0355,3691.0995,2550.6034,5096.7739,5144.109,3316.6484,4055.7638,5587.9764,6281.6743,3965.9358,2286.4077,4001.1325,2868.845,4184.1378,4313.3923,1497.9442,4231.1628,3125.3403,3682.4479,3588.8792,3974.928,4400.6334,2022.7233,4107.8367,2788.6352,2262.5344,5486.6991,8064.0067
4773.4386,3133.9619,2597.1154,3024.2126,3602.8219,2137.1561,3130.9561,2627.3306,2590.7016,3958.1121,3833.0931,2452.0743,4491.6512,3665.6712,2480.2955,4200.2521,3745.5082,3158.6213,3872.7532,2150.8424,2264.6588,2285.0094,4036.5755,3004.9819,2162.9472,3850.1853,4375.7152,2872.4003,3114.4016,5215.4483,5311.7424,3311.7138,2034.5335,3491.8055,2789.817,3463.2247,3083.5693,1239.8517,4048.6498,2964.475,2847.8897,3277.2674,3791.4343,4061.8864,1791.2499,3662.2675,2437.2326,1830.5883,5327.283,7011.2369
4195.7098,2765.6149,2195.6702,2526.0892,2897.0082,1981.3055,2474.6354,1668.9064,1966.9022,3223.6509,3345.2226,2083.1091,3915.3662,2710.5447,2114.205,3248.1576,3388.1976,2673.1254,3446.6643,1755.2181,2242.7224,2066.1383,3479.1414,2794.1395,1771.562,3506.9703,3907.379,2754.5298,2754.8541,4775.6475,4636.484,2645.9521,1604.2431,3112.4986,2168.0279,2816.8825,3016.8053,997.58826,3409.8338,1962.3147,2531.237,2757.6942,2909.0372,3496.1076,1579.2327,3030.6301,1740.3712,1454.9453,4477.377,5935.5972
3254.1816,2636.3681,1815.5635,2073.0062,2742.1794,1797.0111,1939.732,1543.3332,1701.1837,2390.9504,2919.804,1729.1418,3263.1181,2398.8879,1863.3044,3120.1537,3089.142,2377.5666,3249.2026,1582.9471,1743.1562,1809.3513,3005.4017,2576.2476,1298.2726,3109.8895,3335.9012,2420.0734,2344.7562,4391.0363,3764.48,2004.3428,1432.489,2532.3335,1727.3644,2500.7536,2286.3817,908.46352,3106.0847,1586.2492,2054.3599,2222.8517,2577.8705,3321.7813,1392.8026,2422.7261,1488.1311,1186.1831,3923.61,5009.3317
2742.1844,2285.2497,1760.1939,1834.9896,2438.1778,1527.4117,1557.2777,1304.1732,1118.2023,2053.4924,2421.1126,1552.8183,2966.3278,1932.5576,1670.3701,2796.5862,2592.4728,2127.4901,2895.9446,1282.1117,1427.8705,1682.7528,2805.0102,2426.5728,949.22746,2909.9491,2667.6661,2270.4184,1908.0973,4106.405,2950.4373,1620.5264,1210.3439,2358.3068,1413.6581,2161.9699,2101.1763,736.19588,2523.3023,1346.9159,1732.9019,2054.5864,2247.1486,2947.0607,1202.5448,2213.0591,1255.5513,1063.5345,3708.4759,4616.7915
2390.0819,2218.2375,1480.1759,1581.358,2211.2298,1376.8948,1427.957,978.19026,985.37363,1763.2324,2080.9004,1348.8466,2738.1261,1680.16,1528.3536,2423.9596,2316.9192,1710.5562,2690.5277,1015.4168,1339.0884,1460.1794,2602.9565,2161.8717,909.10255,2667.8951,2370.7884,1974.1709,1732.5737,3744.9373,2542.3236,1325.9984,1104.8689,2137.0078,1049.4066,1723.012,1624.5843,626.21447,2192.146,1018.3157,1463.3324,1856.5439,2090.955,2798.5271,1050.7806,1778.8903,999.22695,760.64597,3662.6424,4252.4191
2079.7594,1928.8743,1300.5603,1309.9761,2084.3731,1233.9389,1292.553,793.10035,836.26726,1519.7747,1876.7557,1216.3506,2508.2297,1410.5506,1236.1741,2197.6515,1921.9175,1596.5993,2379.2662,832.6141,1238.7527,1260.9138,2443.8213,2080.5296,836.90128,2412.693,2008.4693,1616.1508,1544.1405,3504.113,2129.6935,1177.1257,890.41095,1854.0931,889.4541,1588.8252,1391.9123,554.18578,1870.1722,827.27411,1302.1421,1686.984,1797.2596,2540.4273,903.05552,1581.108,828.80958,738.55277,3369.2686,3727.8725
1848.3749,1817.3045,1100.8877,1093.5639,1875.1168,1150.1302,1112.4433,679.36823,706.06323,1341.2611,1700.7785,1032.2131,2279.8405,1223.3094,1084.5325,1982.1193,1692.6076,1323.1519,2142.7111,762.16853,1117.1656,1050.2283,2329.7618,1943.6099,679.15018,2234.7336,1799.2482,1440.8879,1410.504,3344.1573,1921.0443,1050.087,754.55763,1681.2901,763.1541,1414.1913,1179.3236,529.17616,1465.263,740.641,998.8159,1521.7221,1587.4684,2466.0839,821.57011,1312.3472,668.29082,692.61249,3219.028,3538.7028
1733.2801,1553.9452,925.7488,898.9005,1755.4812,1053.2524,990.69204,558.72313,471.90201,1212.4234,1554.088,987.06663,2005.6514,1013.9113,1001.2628,1760.4744,1542.1793,1127.4359,1893.1186,646.98012,1002.9756,877.84199,2201.7692,1880.126,547.83611,2058.4959,1535.7325,1260.0109,1233.6959,3193.4085,1599.6525,923.96412,684.37172,1533.1693,608.24686,1259.7983,1066.7616,489.80823,1165.2443,646.44375,853.59623,1412.8546,1459.4663,2243.3607,680.53563,1217.1188,562.02708,621.23693,3066.9774,3344.9919
1637.7131,1354.5281,847.31906,727.47516,1617.3795,962.08635,921.64892,443.66099,378.55198,1112.4352,1444.6752,893.45337,1844.2996,871.28598,934.44809,1676.3825,1387.5138,963.05296,1682.8385,593.53415,925.42108,764.47854,2075.7614,1817.3589,501.48688,1901.2257,1370.0513,1178.7615,993.86246,3098.7223,1448.4973,871.25785,651.73695,1442.0889,563.4299,1154.9081,926.32734,451.63499,945.81785,528.44753,809.56533,1339.2678,1330.1625,2057.7856,566.16497,1115.9206,481.40528,507.22948,2906.0378,3192.7741
1536.7167,1197.5249,775.0544,617.20288,1503.1083,884.71393,844.77682,399.36483,346.58579,973.52608,1264.0422,809.41346,1720.9559,790.42117,848.09163,1549.7531,1243.3052,817.79049,1503.1728,501.39182,852.38515,562.55633,1963.9449,1727.5631,468.63047,1768.0515,1244.3461,1097.2213,913.80323,3009.8552,1250.559,722.36887,607.49773,1362.6824,515.44422,1024.7303,819.31214,427.23417,830.49329,443.37906,759.91191,1224.5471,1203.4641,1868.4832,503.72807,1021.6785,414.94111,402.43336,2807.7047,3067.2465
1439.1506,1103.2394,723.61592,586.48096,1396.7382,845.9403,775.94221,339.69506,290.28143,936.16253,1185.5705,772.38732,1615.2146,683.03029,783.64453,1376.1574,1143.0383,764.90739,1347.3979,482.77418,722.02836,516.87873,1858.1457,1653.7009,446.41878,1637.8132,1167.3125,1050.0021,818.21393,2916.1075,1143.5524,665.02912,554.91089,1305.7867,472.7579,886.73871,755.64281,408.28478,699.39521,335.914,705.51132,1144.259,1104.7153,1777.4175,431.9685,960.89609,386.37173,354.93684,2690.3606,2888.8594
1354.2024,1011.753,687.15758,532.98115,1293.6415,780.00887,715.26958,323.13214,245.90222,866.79481,1100.8205,718.94237,1439.1159,650.0341,725.17458,1248.3617,1044.8761,677.93456,1261.5607,431.08791,673.47361,484.96475,1785.2544,1602.2329,396.10014,1553.8624,1066.9384,1004.8595,749.74553,2804.7059,1018.0762,602.90902,496.7785,1218.5277,438.48316,844.18865,694.03774,385.87138,626.82866,304.41143,644.41161,1096.9909,1025.8069,1644.661,402.92034,865.71146,345.02626,327.88658,2619.4214,2817.8483
1279.7247,910.81007,647.13002,469.89773,1235.7387,735.41641,679.73633,292.23726,209.61325,816.30868,1008.6809,643.02499,1348.8988,622.1698,674.564,1172.8108,941.79386,585.53317,1184.0931,405.97418,617.61581,425.69043,1733.7412,1545.3132,366.457,1479.107,991.07286,964.35524,685.11184,2727.1946,864.08602,562.52953,443.69597,1174.513,406.08034,799.96978,637.59352,364.52562,568.44539,278.29924,567.1522,1046.1894,941.21626,1560.5499,362.26273,771.32523,300.9937,303.68879,2536.0485,2670.9975
1210.9783,845.6737,591.34609,404.87524,1167.5519,705.73779,641.14592,269.5095,202.12298,767.1522,951.46814,611.581,1271.8082,581.73906,634.05419,1125.192,876.54803,515.57934,1094.4453,382.48736,584.95928,354.76768,1676.3178,1512.6906,340.13944,1413.1472,926.79132,912.51553,625.02773,2656.7983,802.46061,526.53943,414.82472,1143.2565,385.53708,752.93569,573.54897,349.64339,476.93631,258.97956,525.54675,995.29369,906.06462,1501.6666,317.75242,742.92595,277.90495,271.17997,2443.1688,2621.3081
1127.0857,772.36921,560.42841,381.67271,1139.47,657.5898,624.03739,256.01059,181.40173,718.57084,898.57772,546.91171,1195.7872,549.39863,589.87187,1042.4847,831.22128,471.48018,1040.0523,372.12128,555.07923,308.25038,1626.3906,1486.1925,323.11677,1369.9237,888.4507,881.91277,592.38178,2586.0593,747.63031,484.55913,380.01173,1102.2276,359.09536,726.91725,554.95892,339.58221,435.31166,213.62703,483.78043,975.74592,867.67068,1446.3912,292.646,685.4179,257.4333,247.18449,2394.7979,2517.4579
1070.9204,710.58179,518.84103,364.236,1099.0463,632.46927,603.17307,245.19409,160.86649,684.41446,858.14201,518.77372,1107.7494,523.67466,577.23186,991.76664,782.75436,437.7864,990.41776,351.91973,531.3028,267.02936,1602.799,1440.4062,296.53072,1302.5145,860.49527,848.95304,562.282,2537.4317,691.89283,456.73208,351.39334,1084.8337,349.44079,698.70121,525.43139,326.10786,400.97592,202.97954,438.39851,923.13472,836.99798,1407.1195,265.00974,655.35755,235.61231,231.31844,2331.2838,2481.0106
1031.5978,680.52469,488.33674,344.48939,1080.6869,612.75357,579.20656,234.42276,148.22221,652.94415,767.5243,491.56098,1034.223,497.89171,563.97382,948.44399,737.69647,411.74829,956.0042,336.36166,501.29136,243.97485,1575.2519,1423.8766,271.09433,1260.1561,830.07432,822.38932,540.76651,2479.0723,628.27183,435.07697,328.35274,1054.9628,335.92272,677.70465,488.08847,313.59041,346.59565,190.55599,407.88404,896.64044,798.21343,1356.7689,237.31775,628.54663,213.09742,211.94334,2297.2388,2389.4907
984.25999,638.73623,470.4733,329.1258,1054.6908,591.18332,551.98101,226.47543,128.14648,632.49554,697.71462,471.86816,963.27661,478.31098,545.08728,908.8324,686.19677,378.60768,905.17964,319.01448,473.1335,228.03319,1549.9262,1403.3289,254.94857,1206.6684,783.68436,813.05017,509.71855,2413.1087,580.19709,408.42083,312.74599,1037.5139,323.799,665.66954,457.52491,297.09066,324.31121,177.71008,383.77001,859.25439,760.83114,1314.9389,217.15932,605.46489,201.35654,194.31911,2259.4481,2308.1984
964.19521,615.82358,448.11924,309.0859,1035.8065,571.26135,532.71552,219.95158,113.03691,615.32535,615.72056,448.2581,888.68187,463.25628,531.44395,880.54477,642.79993,354.26528,866.26486,307.88699,453.49705,206.94503,1525.1332,1380.0331,244.53289,1184.1926,761.17422,789.74798,486.55329,2370.5601,549.88487,388.14814,302.04085,1023.317,312.93614,647.89221,445.358,290.25022,294.85337,166.41101,369.96414,835.71682,732.43467,1274.6907,204.38762,587.57092,190.75605,173.43586,2226.3975,2215.895
945.13783,588.83871,428.28681,295.15906,1019.5067,561.59132,511.20862,210.07861,105.45198,598.73546,555.62286,427.62097,793.1761,453.53271,517.25776,853.16433,611.98306,323.13626,838.97202,293.9785,437.06653,194.16214,1506.2487,1363.5913,236.18291,1156.7762,730.25644,775.78947,477.35211,2349.6241,532.75095,369.42859,288.33488,1010.3995,303.22522,636.15579,432.68242,270.19224,273.08245,155.00441,347.7995,811.2752,707.89568,1243.1827,192.93594,569.49127,185.38056,165.45909,2182.3385,2141.6697
922.71412,573.37559,415.21613,277.69646,996.57565,555.15583,502.82316,204.54764,97.797037,581.16165,519.13076,414.90801,757.20611,442.12409,502.30075,821.30263,594.63264,305.24134,810.92185,281.21371,423.2477,183.85679,1483.5174,1351.6765,222.20018,1127.696,708.58564,762.46536,463.60915,2322.7613,504.21726,361.55539,274.94398,999.72374,294.84457,621.78634,415.54095,254.00541,256.44772,147.36633,331.48061,793.11481,688.34735,1218.4316,186.10705,558.3475,180.69451,158.62344,2142.66,2074.365
901.28527,558.22599,400.64931,259.84683,971.43287,547.72992,489.51146,198.13073,92.732516,561.67036,477.25206,403.67949,691.46125,431.84957,492.60291,799.88025,583.34574,283.94059,794.93191,275.55445,411.86337,175.09782,1468.6937,1339.4659,213.3865,1106.2247,691.84616,753.0271,452.54019,2298.7652,488.39056,346.55725,265.19799,990.30296,284.76548,611.5308,406.82025,240.89413,246.70492,140.51734,323.59047,773.19894,671.53851,1195.436,171.22078,547.44467,175.19448,151.21569,2102.2683,2023.2443
884.06855,543.68817,378.6123,247.21639,960.57302,541.05173,479.31353,193.86727,88.074855,544.98722,449.96135,395.50294,640.42129,421.33656,482.27729,775.10726,568.70328,265.31763,774.81894,269.39015,396.76651,164.7867,1456.5222,1326.1901,202.39548,1083.0279,679.43662,745.06056,443.82657,2275.8541,453.38779,338.26041,256.71026,983.9613,282.28977,601.22599,400.2663,229.2511,235.60821,134.28714,305.00688,746.98852,655.87299,1169.6374,160.76221,538.68377,169.73101,145.12112,2085.4589,1931.9758
869.27001,531.18441,367.67617,234.81272,951.4077,532.73716,471.4154,188.04185,83.085404,534.64552,426.73243,385.78947,578.3295,411.9579,469.57297,765.82205,561.46828,250.71415,759.78352,266.51287,383.28963,158.37358,1441.4179,1313.4787,189.54323,1060.1504,662.49298,733.49173,435.66246,2254.8054,436.18535,327.51283,247.96196,977.97423,278.06794,593.90033,393.28966,213.27439,227.16424,125.39296,291.11459,729.84996,643.54079,1141.3688,152.39854,527.01728,165.51318,140.56901,2060.744,1876.1048
853.85678,526.19065,357.1233,224.737,941.26919,525.63941,459.08491,186.76396,79.721692,523.05425,415.32184,379.0209,511.89493,405.58049,464.2562,747.78179,551.62936,238.76846,741.79197,263.35045,377.9704,152.25833,1432.172,1303.8763,176.99196,1036.192,644.66504,727.99356,428.36068,2242.067,411.29818,323.96173,241.77061,965.93541,275.61554,584.94298,387.85526,198.74997,218.82391,121.96271,282.27061,706.98955,629.93554,1123.2973,140.92549,519.01689,160.48892,136.58129,2044.6229,1820.8148
830.02609,516.26035,349.62074,213.85925,933.98455,520.36831,452.7045,185.8129,75.916475,506.77028,402.25505,373.11745,462.1289,397.75627,457.55429,742.99407,546.15452,228.64341,727.24456,259.15177,371.29809,148.96965,1415.3277,1296.4837,167.37916,1008.9498,638.19247,720.22322,423.41959,2223.8198,392.93164,316.75288,235.94367,960.02806,272.47933,576.77466,383.14487,183.91537,210.41968,119.26781,272.89916,688.1741,613.19653,1110.5578,132.33791,510.00411,156.08212,133.95041,2032.1307,1786.2521
805.05776,512.2436,336.69259,208.49496,922.82153,514.20187,444.96261,184.07718,72.987048,495.00578,391.21114,367.9647,403.84184,390.41885,452.27177,733.91213,538.40571,215.54551,713.16304,256.04393,364.54441,144.93937,1400.7314,1283.0723,160.43139,997.77349,628.10792,714.69365,418.45285,2208.2643,378.61547,313.17004,231.78189,952.89918,269.26796,568.73142,378.9382,165.81658,205.36465,116.20198,268.16712,667.57391,598.5804,1091.615,124.3364,503.00716,154.09628,129.76226,2017.6894,1728.185
784.28576,505.21245,330.76153,200.78249,913.25,511.03485,438.66895,182.15769,70.308053,486.35054,380.45416,362.30697,374.71781,384.79402,449.13533,721.94742,531.93205,208.57408,701.76067,252.23947,357.32096,141.6142,1389.2061,1275.2825,151.78902,983.62604,622.53085,707.15817,413.31446,2196.1252,361.85473,309.26979,227.77047,946.36429,267.21141,562.54121,373.01961,154.98376,197.69835,113.17424,264.5991,650.646,583.18238,1071.0183,119.77352,495.2342,151.10909,126.38533,2002.6785,1692.9167
761.63678,500.9025,323.42929,197.8699,904.90557,508.47509,433.64267,180.31281,67.932782,478.27494,368.27775,356.99032,347.21146,377.69499,443.59177,712.25561,526.91293,201.07253,691.08984,250.59456,352.66449,137.25004,1370.2383,1269.5194,144.90538,969.24693,615.6592,698.40341,409.91584,2181.1718,348.32971,303.77246,222.99287,941.48145,264.6969,557.15866,369.69616,144.34224,193.17747,110.25828,261.35314,628.79093,575.57887,1060.0756,117.02011,488.16671,148.21723,122.34445,1980.4409,1655.3579
743.55912,496.56215,316.30548,194.99836,900.23587,506.80719,429.21558,177.61176,66.406154,470.6085,350.26089,351.47202,314.697,372.76938,439.61922,704.37039,522.25336,186.45775,683.02397,248.34437,347.88101,134.99849,1353.5198,1261.4297,140.62795,962.48386,611.67058,692.72341,407.98691,2171.9382,337.28777,301.17993,220.86647,935.87004,263.48065,552.92248,364.94518,137.05453,189.49525,107.7466,257.47333,615.39426,563.34125,1043.2851,113.48929,479.32267,146.67587,119.53095,1965.3637,1622.4406
727.61277,491.4808,311.45878,192.39663,894.0359,503.56283,425.21059,176.56655,64.107724,460.47229,340.97172,347.94946,287.32391,369.68309,436.97139,695.7624,517.91643,180.20892,672.90033,246.20936,343.89486,132.55581,1333.4391,1255.9304,135.54864,952.40048,606.00559,686.01167,405.05307,2161.51,328.10357,298.21864,218.60003,931.27658,262.18625,548.80472,361.55475,130.44081,187.19592,105.79143,255.1559,604.27238,552.77228,1029.7191,110.28267,471.72848,145.11739,115.89224,1942.0875,1608.3402
712.82282,486.84414,303.20171,190.11828,889.91832,501.32793,421.12744,174.78515,63.050828,449.38742,330.48276,344.78328,271.71407,366.59663,434.72535,688.7336,515.18883,171.72557,662.4437,244.26911,341.07844,131.00427,1320.6275,1250.3185,130.81348,940.21038,602.52048,680.8042,403.18211,2153.6348,312.17027,294.33505,215.65344,927.92511,260.89215,544.9212,359.60431,124.40807,185.36321,102.91544,251.11634,592.88955,542.22073,1017.8729,107.58215,466.24018,144.10436,113.69178,1924.9825,1596.8763
703.56761,483.15942,298.8588,187.92308,886.26209,499.32991,416.75286,173.47529,62.186408,439.49602,318.83231,342.34724,267.39659,363.76287,433.19657,678.30373,511.8129,161.84474,654.61917,240.9346,338.52926,129.7678,1299.5582,1243.8634,127.23354,929.17005,598.64268,672.68586,400.16394,2147.3679,302.23169,292.06567,214.12275,925.54542,259.43222,542.10431,356.04305,119.85897,182.52857,101.09724,249.09781,585.58591,535.95076,1007.1988,106.02277,458.91262,142.92175,111.82198,1906.6512,1582.2602
692.55169,479.60464,292.27913,185.89588,880.99161,498.10262,413.49052,172.24789,61.198277,433.60456,310.94015,338.96523,263.56062,360.51291,431.33832,664.95804,507.92724,156.49766,642.79188,238.55663,335.97101,128.06735,1286.2342,1235.0332,123.30577,922.4199,595.43344,662.33196,399.0028,2137.7316,297.52483,288.94937,212.49147,923.07169,258.79879,539.15578,353.08461,117.1181,180.10393,99.376316,245.74328,577.97647,523.96317,992.41651,103.96071,456.12296,142.04718,110.05201,1886.8871,1571.2041
680.21222,476.94498,287.52079,184.11517,876.66554,495.9617,411.11898,171.40558,60.088139,428.57,302.64986,335.86624,258.26389,358.62202,429.91807,654.64168,504.81823,153.08769,631.66222,236.48356,334.16269,126.54315,1274.9783,1230.1877,121.75084,913.54869,593.27742,655.60064,397.49934,2131.5492,295.19171,286.86212,210.42443,920.27375,257.48731,537.29305,349.96599,114.45034,179.11224,97.43294,241.3842,573.58467,510.78599,977.19499,102.82759,450.71824,140.86722,108.35458,1871.7555,1557.9566
670.80846,475.07535,280.88569,181.87973,871.70494,494.18382,407.4454,170.05327,59.224145,424.11577,294.15138,333.00103,253.36785,356.87776,428.53005,639.41604,501.39937,150.79219,625.22321,233.08652,332.87584,125.33176,1256.5115,1221.0006,119.40889,904.07358,590.77245,645.62775,396.37207,2124.6508,293.02114,284.53283,208.61217,917.59938,256.19644,535.77642,347.80594,113.1302,177.42143,95.924316,238.87552,568.3264,499.08788,961.83028,101.82887,446.82128,139.90081,106.51862,1854.9424,1547.7006
654.66667,471.55285,275.41465,180.52378,867.95862,492.86829,405.42076,168.5224,58.605728,421.37928,287.08666,330.58655,251.09182,355.1209,427.25279,624.73176,497.56493,149.06811,618.9862,231.03778,331.32385,122.7237,1241.0845,1211.348,116.88862,899.26186,589.52723,639.15479,395.28969,2119.2656,291.19581,283.36406,206.73402,913.26428,255.22265,534.11266,345.02249,112.29174,176.31895,94.328861,235.23245,563.98874,488.87865,946.94098,100.54362,442.41826,138.93187,105.16342,1839.7761,1543.0555
635.69598,468.82697,271.06001,179.26279,864.4777,491.18337,402.45835,167.08918,57.825544,419.91995,276.35677,328.32065,249.96156,353.69716,426.07182,601.34176,494.17814,147.14964,616.47897,228.30635,330.09368,121.0861,1225.1596,1199.9454,115.59361,891.48719,587.85269,630.1231,394.16576,2114.9679,289.48223,281.62076,205.6578,908.91392,254.09604,532.65337,342.46787,111.66728,175.16656,93.06434,232.99464,561.45542,475.47388,932.97115,99.705553,439.6921,138.47344,103.61534,1816.7079,1537.867
612.22984,466.32816,266.22308,177.73409,860.43293,490.37126,400.31233,165.49785,57.272129,418.23793,271.48002,325.10171,248.14082,351.82119,425.07862,575.00776,491.66694,145.88175,614.37761,224.65827,328.4281,119.17539,1206.7917,1189.4527,114.52891,885.6243,586.58785,621.80501,393.32083,2111.1655,287.94091,280.12313,204.38721,904.61169,253.09649,531.64484,341.00338,111.22784,174.54585,91.750368,230.27081,559.79163,460.54019,917.37058,98.629004,436.31692,137.99864,102.78759,1803.5446,1534.4529
572.27036,463.93011,260.73103,176.79422,856.73359,489.45061,398.15354,164.59585,56.942987,416.88852,263.21491,321.88951,246.69466,350.55237,424.20818,557.5747,489.05401,144.16375,613.06976,220.40491,327.48022,117.60242,1189.1576,1174.1767,113.44457,877.66931,585.54176,616.02802,392.25848,2106.2515,285.53233,278.73134,203.51288,901.11676,251.87612,530.00387,339.55578,110.8028,173.58933,90.166674,228.20871,558.73111,451.57881,896.29435,97.472605,434.77108,137.40625,102.10529,1785.4288,1532.8152
547.54792,461.71764,254.49876,175.76834,853.45579,488.81134,397.08569,163.12833,56.429271,415.82884,255.28077,319.78052,245.41395,348.98217,423.20831,528.35413,486.02968,143.10862,611.75486,217.93855,326.58518,116.54956,1168.9673,1158.6218,112.37601,868.77587,584.22588,610.10167,391.23425,2103.2737,283.94642,277.48736,202.87001,897.7,251.26748,528.89916,337.42319,110.166,172.89224,88.535424,226.01833,557.33943,441.65373,882.64292,96.408726,433.22532,136.69809,101.29472,1763.8542,1530.5315
520.43659,459.48731,249.30109,175.05526,849.27825,488.21338,395.28296,161.82881,56.119335,414.74722,248.82886,317.48989,243.7815,347.49053,422.3729,502.34678,483.89427,141.62751,611.27732,214.0323,325.98379,115.83372,1147.7025,1142.597,111.84665,862.74596,583.28815,606.16676,390.58297,2100.9437,282.10141,276.13004,202.30445,892.96246,249.69342,527.53102,335.73458,109.79429,171.93725,86.261016,224.7882,556.12283,436.92099,861.01135,95.329284,432.05489,136.36074,100.86844,1748.3382,1528.5404
476.4787,457.67166,243.05596,174.46067,845.35548,487.30843,393.58991,160.91139,55.803036,413.78324,244.42131,314.91469,242.32746,346.54141,420.26964,475.03729,481.22733,140.11084,610.34944,210.86931,325.2591,114.87158,1122.0553,1119.6592,110.84825,855.68951,582.40408,603.26904,389.94664,2097.4175,281.19567,275.00873,201.87282,888.64312,248.49974,525.89554,333.86005,109.32455,170.83938,84.987669,223.00208,554.87542,434.75316,842.37496,94.365698,431.48382,136.00553,100.22197,1729.5807,1527.2047
454.84184,455.35653,233.86781,173.85051,838.61666,486.38794,392.56597,159.3521,55.50834,413.3299,238.8538,313.02983,241.07445,346.30006,418.87019,434.40734,479.07621,138.79917,609.74777,206.50479,324.65727,113.75373,1096.1299,1100.6615,110.38057,845.71111,581.67525,601.23792,389.50931,2093.464,280.35123,274.5986,201.28923,882.53011,246.57396,524.97343,331.73904,108.94577,170.10796,83.014212,222.15629,553.30589,432.77215,809.55721,93.613343,430.66429,135.46867,99.576477,1705.9207,1526.0624
430.34294,454.19998,226.633,173.00524,829.85537,485.60707,391.06229,158.16163,55.064194,412.6356,232.3256,310.77401,239.75969,345.9766,417.88455,405.73484,476.66958,138.06087,608.78851,202.33003,324.21562,112.7955,1075.3435,1085.9788,110.01744,836.9398,580.71359,599.52409,389.0012,2090.1036,279.38832,274.29413,200.91856,875.16081,245.61972,523.90732,329.82458,108.4963,169.14497,81.639055,221.84753,552.01659,430.7512,787.1521,92.855399,429.80523,135.09007,99.084634,1684.5754,1524.3259
412.86639,453.0481,219.95771,172.56551,823.6376,484.56461,389.91451,157.1406,54.757107,412.172,227.39177,308.01524,238.76507,345.69775,416.60896,375.55991,473.67499,137.89537,607.99284,197.72552,323.81386,111.67907,1058.4985,1073.5581,109.79181,823.32566,580.03067,597.68193,388.67856,2086.8916,278.56545,273.83551,200.59485,866.7066,244.02114,522.95462,328.17285,108.22134,168.43239,78.898961,221.64448,550.97065,427.7255,766.49411,92.231553,429.07801,134.5152,98.411577,1655.7881,1522.8039
401.39793,451.74302,207.52593,172.00439,815.07022,483.76701,388.38035,155.99295,54.47667,411.60871,225.32424,305.9463,237.95988,345.4003,415.43323,346.91149,472.0381,137.6547,607.24794,193.25885,323.47953,110.68808,1044.3154,1059.8103,109.46874,809.26359,579.31857,596.47778,388.36343,2083.9251,276.98935,273.4982,199.98445,860.59368,242.19697,521.74813,326.0552,107.95852,167.68735,77.816135,221.38914,549.89675,425.32133,747.54257,91.506779,428.36639,134.08444,97.776291,1624.2398,1521.3462
389.32894,450.51216,197.73887,171.38492,806.48593,482.68812,386.84864,154.95051,54.232393,411.22083,224.66836,304.27657,237.24875,345.19915,414.23544,310.61132,469.99294,137.46568,606.66811,188.09483,323.0536,109.87393,1030.7855,1043.5648,109.14762,799.72721,578.55095,593.74713,387.96097,2080.6008,276.3211,273.19925,199.7886,851.28418,240.54911,520.60859,323.73193,107.80404,166.85908,76.383902,221.06222,548.99254,423.26738,727.72943,90.930043,427.50895,133.65862,97.356226,1602.6427,1520.2339
376.50916,449.60783,190.56731,170.67483,802.63574,481.86598,385.934,154.0611,54.045159,410.76879,223.88696,302.50988,236.51992,345.01718,412.73623,293.14384,468.64093,137.25919,606.06982,184.77208,322.80795,108.78638,1010.9253,1026.2387,108.96395,790.3583,577.87511,591.88944,387.72172,2076.4035,275.44107,272.8431,199.46874,843.44068,237.95272,518.98443,321.56193,107.63683,166.30038,75.776766,220.76931,547.90928,421.3409,717.25192,90.432803,426.91059,133.21999,96.833801,1582.352,1519.3015
364.69747,448.76374,182.89318,170.00199,794.66615,480.59791,384.77098,153.03556,53.797328,410.3172,223.40688,300.1608,236.06547,344.82343,412.03628,266.91829,467.61994,137.0765,605.57881,178.37245,322.53583,107.96483,987.11197,1006.9172,108.75184,778.2156,577.42889,589.41556,387.38541,2070.102,274.55478,272.44236,199.20306,833.3372,233.95477,517.70849,318.90053,107.44669,165.49447,74.593235,220.49535,547.2226,419.28735,698.86178,89.959057,426.12665,132.85448,96.248853,1552.4494,1518.1635
353.21286,448.28699,178.84297,169.60172,789.85016,479.05949,383.66955,151.7493,53.606516,410.00421,222.55576,298.96227,235.50037,344.59967,410.95488,243.91981,467.04775,136.99089,604.86365,176.27602,322.32481,106.88505,969.44546,987.16953,108.60374,764.91372,576.99269,586.80926,387.1333,2066.8472,273.71066,272.30935,198.98266,823.33225,231.8719,516.11978,316.32749,107.29412,164.70364,73.678898,220.2395,546.26267,417.74795,677.22892,89.47895,425.51109,132.23376,95.764574,1515.6655,1516.5518
345.49826,447.83928,176.96958,169.06181,785.37922,477.97239,382.19566,150.69418,53.396282,409.69753,222.28575,297.25749,235.08725,344.53284,410.31287,223.42765,466.43745,136.85756,604.27003,171.23669,322.14968,105.74599,954.41503,973.84338,108.47026,744.61119,576.54745,584.15403,386.86236,2060.9792,273.06881,272.00469,198.75613,808.74788,228.18808,514.80661,312.47792,107.18983,163.76223,72.640611,220.00473,545.32477,416.45255,657.84598,88.985129,424.67224,131.60891,95.261672,1489.1539,1515.6071
340.00624,447.45521,175.77607,168.81699,781.34054,476.49195,381.19228,149.91507,53.251643,409.47583,221.65503,296.49297,234.4958,344.44145,409.78555,219.02557,465.89258,136.80988,603.8501,167.57939,321.92856,105.08342,944.45236,958.69377,108.3443,727.39113,576.09178,582.4027,386.60683,2057.4461,272.35128,271.88366,198.50382,791.82867,223.87791,513.30279,308.40989,107.07883,162.55611,71.332315,219.8383,544.46578,414.86408,632.28724,88.398511,423.64992,130.97899,94.52289,1457.4175,1514.4882
336.90857,447.27137,175.39104,168.49112,774.94745,475.35602,379.98952,149.52298,53.153244,409.21657,221.32701,295.07925,233.92406,344.34037,409.01962,218.48804,465.78413,136.70451,603.38209,163.94793,321.73438,104.19179,937.83791,935.5539,108.23044,712.47646,575.67385,580.30347,386.47305,2052.8198,271.3294,271.73798,198.27716,773.85302,218.94296,510.94053,304.53857,107.02148,161.00541,69.92227,219.74252,542.39362,413.90731,619.32954,87.624096,421.99457,130.16742,93.883945,1432.4042,1513.5666
335.92379,447.09957,175.19376,168.01958,771.3366,473.97938,378.78185,149.3118,53.044859,409.02889,220.82033,293.5511,233.3756,344.24881,408.11534,218.13873,465.55899,136.63946,602.99987,158.11301,321.53857,103.10485,933.99281,908.0914,108.15823,690.98391,575.31266,578.74087,386.27929,2048.015,270.49828,271.54363,197.97629,751.40037,213.14195,509.31361,301.74282,106.94945,159.49663,68.676475,219.59944,541.21737,413.15707,601.78094,86.658704,421.07353,129.36472,92.959626,1405.9648,1512.3222
335.5315,446.90933,174.89592,167.78552,766.68132,471.77346,378.19295,149.24856,52.949892,408.86921,220.38594,292.20122,233.02644,344.14792,407.34739,217.95556,465.3406,136.58551,602.70025,154.54124,321.24891,102.45413,931.98755,888.58351,108.07032,676.77858,574.85677,576.28519,386.14079,2043.7971,269.77461,271.37992,197.83601,727.41885,208.85988,507.10385,296.95483,106.86674,157.87882,67.518259,219.44249,540.0337,412.78156,583.73794,85.926171,419.87275,128.6287,92.397374,1370.1503,1511.6403
334.87001,446.59485,174.58642,167.3512,764.46359,469.05833,377.58116,149.12179,52.877945,408.70787,219.96655,290.83193,232.46716,344.06302,406.25507,217.71095,465.17064,136.52307,602.34678,150.38222,320.91185,101.96556,930.77244,857.97872,108.01787,657.69882,574.45207,573.03494,385.99023,2039.6004,269.31975,271.30006,197.60926,711.94742,204.47366,505.97643,292.01768,106.79842,155.6574,67.245146,219.29344,538.18888,412.48106,575.1616,85.066754,418.96437,127.87505,91.488078,1344.5421,1510.9219
334.23926,446.39425,174.44548,166.89152,763.08742,466.6497,377.4411,149.04557,52.7908,408.54572,219.56349,289.5197,232.07557,343.96852,405.69844,217.48617,464.97784,136.46019,601.89106,145.23729,320.63047,101.64981,929.08162,827.23056,107.92442,633.45275,574.05524,570.2018,385.8457,2034.0197,268.7178,271.18504,197.34228,688.749,198.94873,504.45409,286.57148,106.73027,153.67307,67.199448,219.17332,536.99715,412.15045,570.51358,84.108348,417.94422,126.8918,90.629041,1321.0765,1510.1539
333.67064,446.15825,174.25707,166.51677,762.8368,463.83678,377.3771,148.88035,52.706756,408.39465,219.31682,288.2704,231.6854,343.88094,405.1937,217.26093,464.77078,136.41928,601.51735,140.07431,320.27032,101.48763,927.75875,800.6332,107.84233,616.68704,573.64014,567.93362,385.73673,2024.9645,267.97552,271.0866,197.23108,669.39087,195.03781,502.37323,280.42762,106.67489,151.0538,67.14619,219.08506,535.48856,411.98269,569.93136,83.566605,416.74549,125.9715,89.709007,1290.7276,1509.5776
332.91359,445.74167,174.06803,166.00875,762.71587,461.06059,377.28749,148.78559,52.604237,408.26948,219.14802,286.43506,231.29767,343.79633,404.72195,217.11757,464.64098,136.38064,601.14253,133.69507,320.00678,101.41637,925.98773,775.73314,107.76436,595.64411,573.17218,565.94881,385.53708,2018.7885,267.43222,270.94474,197.03637,644.5657,191.22814,501.39566,273.38676,106.61027,148.24299,67.101894,218.94784,533.89597,411.82043,569.23548,83.39204,415.57504,124.42456,88.186534,1270.5777,1509.1139
332.3419,445.3501,173.91245,165.48449,762.53535,456.49039,377.25648,148.68012,52.409486,408.17877,218.89314,284.90772,230.94736,343.7107,404.23919,217.04195,464.52276,136.34383,600.87498,127.08219,319.68653,101.37878,923.70313,751.33094,107.68634,580.45513,572.58335,562.97085,385.41988,2009.2407,266.86266,270.80877,196.78693,618.8928,188.0231,499.83985,268.55547,106.53667,144.679,67.022608,218.77665,532.29278,411.66967,568.76143,83.353601,413.52929,123.33156,86.505332,1235.2737,1508.6767
331.68352,444.88603,173.70027,164.89872,762.3469,451.67551,377.17807,148.52796,52.322124,408.06108,218.62551,283.53919,230.86723,343.60609,403.72287,216.95253,464.37513,136.3153,600.61774,120.1157,319.4489,101.25068,921.48875,729.94918,107.60214,565.02769,572.06407,560.16509,385.27982,2000.5416,266.30322,270.65168,196.6446,598.98025,183.71842,498.33786,263.86722,106.45866,140.80424,66.933353,218.49991,530.41268,411.52098,568.23494,83.225307,410.99189,122.41298,85.21719,1211.7098,1508.2963
331.12943,444.46786,173.54571,164.00016,762.18929,444.4762,377.13477,148.43399,52.240567,407.97949,218.35013,281.66937,230.80682,343.54011,403.45421,216.85203,464.26262,136.29987,600.24475,115.001,319.16597,101.17373,918.63691,711.13986,107.50024,556.14508,571.3001,557.95632,385.14303,1994.4033,265.64269,270.48052,196.41131,583.11085,179.1334,496.44067,256.51114,106.39836,135.54162,66.862962,218.16334,528.56116,411.38315,567.55236,83.16311,409.43775,122.32651,83.884162,1189.3431,1507.8018
330.75138,443.94035,173.37226,163.53398,762.00296,438.30363,377.06887,148.35579,52.127448,407.87258,218.01712,279.18017,230.7088,343.48097,403.34034,216.79012,464.16905,136.28261,600.07382,106.4271,318.78049,101.12508,916.93519,689.23026,107.34484,555.60245,570.6255,555.73046,385.03454,1987.5562,265.21343,270.27171,196.16451,569.42347,175.28417,494.82047,252.21323,106.34572,130.29951,66.836406,217.85515,526.8883,411.26225,566.98991,83.054325,406.51714,122.28301,81.933324,1158.2957,1507.4367
330.4257,443.18444,173.2446,162.73739,761.80909,430.3725,377.02492,148.25617,52.039056,407.78382,217.73711,277.04336,230.65745,343.44708,403.25875,216.73003,464.04635,136.26204,599.81606,97.337485,318.4258,101.01582,913.55228,679.91593,107.23,555.364,569.77471,553.59924,384.91496,1981.522,264.59773,270.1285,195.91148,545.07908,170.87474,493.207,247.66852,106.29258,127.25711,66.807955,217.59121,524.46373,411.14944,566.46815,82.978185,403.33984,122.24193,79.361101,1125.5768,1507.1196
330.03382,442.6679,173.04911,162.19466,761.65467,420.57383,376.98833,148.14571,51.91853,407.7086,217.27514,274.71454,230.58941,343.40278,403.21682,216.67942,463.96477,136.24227,599.64242,91.475184,317.90044,100.9559,910.24707,667.99076,107.08908,555.15633,568.65209,552.73767,384.76453,1977.6905,264.01608,269.94718,195.64947,519.60735,164.98324,491.78029,244.27418,106.22201,124.32574,66.777167,217.41912,521.05204,411.03198,565.96381,82.890663,399.47178,122.19275,76.722276,1106.3347,1506.822
329.69386,441.66225,172.96501,161.56611,761.31632,410.90427,376.95427,148.03499,51.787531,407.62027,216.86256,271.55031,230.47993,343.35258,403.15113,216.63478,463.85235,136.22216,599.46634,84.214516,317.36965,100.89023,906.63634,659.214,106.89623,554.85929,567.51759,551.69959,384.68487,1972.7863,263.25132,269.75279,195.48765,494.2022,160.83028,489.89347,240.98811,106.13235,123.60873,66.752189,217.28498,517.53427,410.94697,565.26912,82.835629,395.48711,122.15934,73.780071,1077.7605,1506.4029
329.33933,441.34872,172.81056,161.14722,761.07273,403.15536,376.92415,147.89728,51.628543,407.50252,216.33793,268.16672,230.40209,343.31799,403.11789,216.59374,463.75657,136.20171,599.23448,79.048671,316.93966,100.81233,904.72454,651.12869,106.77897,554.53083,566.20407,550.81031,384.59112,1968.1446,262.63023,269.47508,195.13302,463.8451,158.12589,488.55329,236.83565,106.03798,123.54335,66.711183,217.06736,513.14816,410.86915,564.59143,82.766197,391.19639,122.1282,70.267557,1056.4467,1506.0247
328.88379,440.27272,172.70547,161.11344,760.87756,393.14944,376.90547,147.79772,51.594685,407.38546,215.71924,265.08645,230.33214,343.24466,403.08372,216.5335,463.65587,136.18717,599.06591,72.728859,316.37148,100.70587,902.4472,646.17585,106.63835,554.12668,564.39154,550.17569,384.51755,1962.5387,262.05192,269.1051,194.90431,443.81412,157.89729,486.9906,233.20109,105.93178,123.33163,66.689957,216.89487,508.98345,410.78298,564.04499,82.669111,387.84165,122.08561,67.835521,1037.3122,1505.5631
328.47874,438.91894,172.60025,161.07837,760.71507,387.79136,376.88249,147.68774,51.573525,407.28527,214.75202,261.88859,230.27285,343.146,403.02897,216.4916,463.60607,136.17313,598.835,67.514138,315.99086,100.60392,901.22678,645.87369,106.4995,553.77799,563.04904,550.00424,384.47866,1959.2451,261.67636,268.73716,194.55166,413.6846,157.80947,484.7514,228.56288,105.83612,123.11019,66.671061,216.69508,505.16217,410.70175,563.46893,82.603944,383.51129,122.048,65.640101,1036.9616,1505.1425
327.96368,437.94687,172.50412,161.04741,760.47607,380.16212,376.86459,147.50322,51.556269,407.13216,213.93658,259.29701,230.21071,343.09108,402.97242,216.44282,463.53852,136.16195,598.68832,63.189164,315.54438,100.54029,900.79684,645.68903,106.35058,553.19776,561.07557,549.93997,384.45129,1955.4656,261.36436,268.46545,194.05149,395.59625,157.75045,482.10227,223.56647,105.7031,122.94651,66.645722,216.56341,499.98473,410.64021,563.03775,82.531109,378.57983,122.0033,63.971362,1036.667,1504.5217
327.39331,437.04291,172.4255,161.00343,760.17895,374.02884,376.84669,147.33259,51.550898,407.04211,212.88626,256.72519,230.17034,342.99121,402.93,216.41174,463.47125,136.15181,598.56007,59.842987,314.94166,100.44545,900.447,645.61365,106.18986,552.85894,558.39585,549.86566,384.43427,1952.2857,261.0806,267.9896,193.70676,374.33694,157.69026,479.41814,220.82431,105.57206,122.72457,66.629612,216.34958,498.02666,410.58902,562.7223,82.439248,373.43093,121.96006,62.217093,1036.5008,1503.9063
326.96191,435.64239,172.27441,160.95335,760.01192,367.58617,376.82936,147.09413,51.540541,406.89771,211.71662,253.81047,230.1277,342.94341,402.88316,216.36475,463.43404,136.14151,598.40074,55.688271,313.87461,100.39117,900.02224,645.50522,105.999,552.41052,555.86213,549.81631,384.418,1949.5978,260.95178,267.52135,193.43008,357.63265,157.63777,476.10729,219.08609,105.48873,122.58005,66.603557,216.09615,493.99241,410.52346,562.19199,82.365925,367.7601,121.91633,60.50595,1036.2419,1503.2961
326.29969,434.85125,172.16873,160.91908,759.8114,360.43079,376.81054,146.94212,51.532211,406.73146,210.47811,250.61874,230.08803,342.8585,402.8108,216.30762,463.39715,136.13441,598.26323,53.224786,312.94412,100.31809,899.78416,645.29943,105.81544,552.05856,553.86036,549.77248,384.39985,1948.3711,260.91802,267.15005,192.97851,342.32875,157.55178,473.61756,218.9269,105.37999,122.45224,66.576435,215.74429,491.27435,410.45947,561.85779,82.264678,362.14905,121.87874,59.224884,1035.9188,1502.6711
325.29063,433.9104,172.07813,160.88384,759.80721,353.67713,376.79796,146.7725,51.520929,406.5653,208.72235,247.93395,230.05027,342.73277,402.76262,216.2565,463.36606,136.12496,598.08787,51.466608,312.20204,100.26623,899.505,645.20719,105.54986,551.46875,550.6087,549.70518,384.37936,1947.2933,260.87071,266.60492,192.69077,323.62215,157.51269,470.54582,218.79689,105.29704,122.31812,66.556797,215.49964,488.56829,410.39174,561.25969,82.146079,355.56877,121.84865,58.258457,1035.6695,1501.9218
324.90067,432.98375,172.02417,160.85324,759.79354,348.85046,376.77382,146.56104,51.515586,406.43119,207.58301,243.82386,230.01109,342.59055,402.70727,216.20641,463.31913,136.12019,597.98619,51.389946,311.58062,100.20449,899.06372,645.08016,105.36525,551.15839,547.19772,549.66525,384.36249,1947.2652,260.83916,266.1155,192.35766,307.61141,157.4099,468.45273,218.70244,105.20681,122.19208,66.540719,215.08972,486.59886,410.32317,560.81648,82.029406,349.00244,121.81609,57.565968,1035.4064,1501.1485
324.29233,432.60782,171.95871,160.81726,759.77623,344.73811,376.75527,146.35197,51.508256,406.3053,206.55362,238.15181,229.95839,342.45506,402.6687,216.16525,463.29641,136.1145,597.87209,51.330739,310.4487,100.15505,898.7091,644.99085,105.1157,550.55866,545.51307,549.60427,384.33212,1947.256,260.79575,265.5889,192.16546,293.39477,157.30858,465.96838,218.51394,105.18288,122.08917,66.520765,214.50719,483.88815,410.25908,560.49462,81.879797,342.54747,121.7954,57.367493,1035.2128,1500.2768
323.61823,432.00675,171.85928,160.77056,759.75868,340.72769,376.72634,146.16374,51.501135,406.13647,204.87693,234.46233,229.89673,342.3033,402.598,216.12675,463.27092,136.10927,597.73559,51.229445,309.44129,100.09135,898.48349,644.90523,104.94083,550.10859,542.86514,549.58385,384.31067,1947.2537,260.76077,265.03634,191.75792,272.07527,157.19542,464.03482,218.44627,105.17605,122.01041,66.504286,213.842,482.41377,410.16123,560.28029,81.772363,335.09947,121.758,57.359204,1034.9566,1499.3345
322.93334,431.64562,171.78223,160.71633,759.73768,337.5235,376.70985,145.94821,51.495675,405.94453,203.32065,228.78265,229.80104,342.15731,402.55565,216.07495,463.25382,136.1036,597.57054,51.12855,308.29774,100.03129,898.28648,644.8472,104.74186,549.82582,539.71927,549.54763,384.28438,1947.2498,260.72353,264.50102,191.44807,247.61811,157.08928,461.88944,218.2923,105.16861,121.92757,66.48614,213.28892,481.03412,410.03216,559.93776,81.659204,329.02611,121.72159,57.338196,1034.6879,1497.8658
322.26064,431.19993,171.685,160.66166,759.71354,333.29949,376.69035,145.68712,51.491868,405.81053,201.22365,222.75017,229.75811,341.97069,402.46406,216.01929,463.23011,136.09812,597.44148,51.034988,307.54923,99.992364,898.02085,644.77255,104.46792,549.41385,537.31866,549.51777,384.25433,1947.2398,260.69866,263.58099,191.16863,235.95165,156.9865,460.33559,218.17655,105.16218,121.89457,66.469865,212.70166,480.8575,409.85914,559.68898,81.511599,320.79333,121.69303,57.320286,1034.2881,1496.7494
321.40526,430.73719,171.55605,160.60154,759.69702,331.37705,376.66828,145.53498,51.483999,405.77042,200.15757,215.71845,229.65047,341.80563,402.36037,215.97891,463.20607,136.09313,597.30445,50.976767,306.74933,99.930333,897.70586,644.67404,104.19046,548.77944,534.49199,549.47042,384.2166,1947.2186,260.66937,262.53569,190.90287,220.0103,156.83175,458.39306,218.06123,105.14709,121.86532,66.455096,211.92935,480.79791,409.62769,559.42565,81.393937,308.98842,121.65631,57.301349,1033.9861,1495.4605
320.23208,430.43324,171.40643,160.55155,759.68408,331.24062,376.64952,145.44703,51.476854,405.75127,199.10855,209.67357,229.54747,341.64254,402.28123,215.9403,463.18977,136.08897,597.16504,50.888831,305.60892,99.86083,897.37067,644.6339,103.90866,548.03431,530.17926,549.44401,384.1817,1947.2046,260.63852,261.65227,190.64623,209.10181,156.68199,456.13866,217.92049,105.13327,121.85244,66.447796,211.16358,480.75213,409.30904,559.04171,81.223292,300.9777,121.63334,57.289107,1033.5958,1493.4991
319.55821,430.07672,171.26308,160.47893,759.6759,331.21228,376.62444,145.44046,51.468009,405.74264,197.47659,206.7962,229.41681,341.41665,402.14972,215.9017,463.16164,136.08513,597.07963,50.80813,304.14834,99.772915,896.93315,644.52955,103.44519,547.35193,527.45031,549.41334,384.15302,1947.1885,260.60855,260.72987,190.23487,207.92747,156.58201,454.45389,217.78952,105.12278,121.8292,66.440866,210.40937,480.71418,409.01985,558.79136,81.128466,294.48899,121.59457,57.266974,1033.0511,1491.9685
318.37496,429.78635,171.10786,160.42291,759.66256,331.1898,376.60535,145.43768,51.455976,405.72888,196.2,206.17304,229.1723,341.19427,402.05902,215.85623,463.14082,136.08231,596.96155,50.754389,302.64734,99.664815,896.52603,644.47146,103.12062,546.45486,521.95847,549.38633,384.12166,1947.1769,260.57624,259.69448,189.94564,207.75642,156.49297,453.56857,217.64741,105.11298,121.8152,66.436533,209.54822,480.66483,408.80178,558.34457,80.982378,285.88855,121.57077,57.245273,1032.8683,1490.4787
317.35615,429.47951,170.95175,160.37381,759.6601,331.15289,376.58037,145.43493,51.449095,405.71417,194.7211,206.16387,229.02338,340.97123,401.91404,215.81312,463.11383,136.07944,596.82546,50.719695,300.65813,99.574606,896.18141,644.42295,102.64777,545.58149,518.77172,549.35315,384.07596,1947.1666,260.54223,258.73819,189.68926,207.67029,156.34965,453.52051,217.49508,105.10381,121.79859,66.430134,209.01085,480.58824,408.46476,557.78671,80.810309,273.58892,121.52987,57.220508,1032.6038,1488.7949
316.16158,429.04964,170.74764,160.32299,759.65815,331.12599,376.5609,145.42795,51.436074,405.70116,193.34491,206.15665,228.78122,340.67382,401.82512,215.74556,463.09797,136.07587,596.71498,50.658086,297.78897,99.471174,895.86969,644.37999,101.93466,544.74117,514.60873,549.32989,384.04055,1947.1603,260.50087,257.82259,189.3633,207.57712,156.25911,453.46806,217.4027,105.08958,121.78388,66.422559,208.54171,480.46879,408.21516,557.45324,80.653304,267.76431,121.47447,57.196549,1032.2161,1487.069
